,Screen Name,Tweet,Date,Compound Score,Positive Score,Negative Score,Neutral Score,Tweets Ago
0,CNN,The race to save the Great Barrier Reef? A coral fertility treatment designed to help damaged parts of the reef is‚Ä¶ https://t.co/3nTj0nA5h9,2018-06-09 22:30:05+00:00,0.765,0.329,0.145,0.526,1
1,CNN,"Tyler Soloman wiped tears of joy off his face after his father, who'd been deployed overseas, surprised Tyler by sh‚Ä¶ https://t.co/8rub7aG2Ej",2018-06-09 22:15:00+00:00,0.5859,0.223,0.074,0.703,2
2,CNN,News of Anthony Bourdain‚Äôs death shook people around the world. We asked for your stories of how this gifted storyt‚Ä¶ https://t.co/YYJPIxu1zN,2018-06-09 22:00:13+00:00,-0.6486,0.0,0.218,0.782,3
3,CNN,"First responders in Russellville, Arkansas, went above and beyond the call of duty to surprise a teen with autism a‚Ä¶ https://t.co/h96qLLu7qu",2018-06-09 21:53:00+00:00,0.2732,0.1,0.0,0.9,4
4,CNN,"Danny Kirwan, a guitarist who appeared on five of Fleetwood Mac's albums, died in London on Friday, according to th‚Ä¶ https://t.co/KUwHtJ6ins",2018-06-09 21:45:05+00:00,-0.5574,0.0,0.159,0.841,5
5,CNN,JUST IN: Canadian Prime Minister Justin Trudeau says he will impose retaliatory measures to answer President Trump'‚Ä¶ https://t.co/AiVDwmzMvV,2018-06-09 21:37:48+00:00,-0.296,0.0,0.115,0.885,6
6,CNN,"Her rare skin condition keeps her indoors, but she braved the sun to walk at graduation https://t.co/ZkdCAXZwUE https://t.co/k6YeRZ6lI0",2018-06-09 21:10:05+00:00,0.5927,0.185,0.0,0.815,7
7,CNN,An internal Census Bureau memo sent to Commerce Secretary Wilbur Ross warns that adding a citizenship question to t‚Ä¶ https://t.co/0AZC4nYfN2,2018-06-09 21:00:06+00:00,-0.1027,0.0,0.072,0.928,8
8,CNN,Secretary of State Mike Pompeo reiterated US calls for North Korea to completely rid itself of all remnants of its‚Ä¶ https://t.co/3RxJpEMn3K,2018-06-09 20:50:07+00:00,0.0,0.0,0.0,1.0,9
9,CNN,Syracuse University has suspended 15 members of a professional fraternity after they appeared in videos that the sc‚Ä¶ https://t.co/X6Bs6DkczE,2018-06-09 20:40:09+00:00,-0.4767,0.0,0.154,0.846,10
10,CNN,Porsche's first electric car will be called the Taycan https://t.co/Wxy5sh45nm https://t.co/3m7qXCcg2J,2018-06-09 20:30:08+00:00,0.0,0.0,0.0,1.0,11
11,CNN,"There was nobody like Anthony Bourdain, and there was no show like #PartsUnknown. CNN pays tribute with a special n‚Ä¶ https://t.co/9TgJMgP7Kc",2018-06-09 20:20:24+00:00,0.6705,0.297,0.085,0.618,12
12,CNN,"President Trump says his relationships with other Western leaders are perfect, but the truth is the transatlantic a‚Ä¶ https://t.co/o0UsVXeClf",2018-06-09 20:10:07+00:00,0.6486,0.238,0.0,0.762,13
13,CNN,"Prince Harry and Meghan, Duchess of Sussex, joined celebrations of Queen Elizabeth II's official birthday with the‚Ä¶ https://t.co/c6kvYJ2vwn",2018-06-09 20:00:09+00:00,0.0,0.0,0.0,1.0,14
14,CNN,President Trump on the upcoming North Korea meeting: ‚ÄúI really feel confident. I feel that Kim Jong Un wants to do‚Ä¶ https://t.co/9jM2GjrhxU,2018-06-09 19:50:34+00:00,0.539,0.148,0.0,0.852,15
15,CNN,"One step on the island of Bermuda, and it's impossible not to be moved by its beauty, history, simplicity and charm‚Ä¶ https://t.co/EOxmxM76Kk",2018-06-09 19:40:00+00:00,0.5859,0.153,0.0,0.847,16
16,CNN,"Will we ever fly like the Jetsons? This company just unveiled its first commercial flying car, Flyer ‚Äî and‚Ä¶ https://t.co/bZV351RYJz",2018-06-09 19:30:00+00:00,0.3612,0.122,0.0,0.878,17
17,CNN,A man in Texas nearly died after the severed head of a rattlesnake bit him https://t.co/bqHnciUgf3 https://t.co/NmnJLHs3Hz,2018-06-09 19:20:09+00:00,-0.7269,0.0,0.319,0.681,18
18,CNN,News of Anthony Bourdain‚Äôs death shook people around the world. We asked for your stories of how this gifted storyt‚Ä¶ https://t.co/lzZyRpT9Co,2018-06-09 19:17:02+00:00,-0.6486,0.0,0.218,0.782,19
19,CNN,"Authorities have found the remains of a woman killed by an alligator in Davie, Florida. The woman disappeared Frida‚Ä¶ https://t.co/MlDdA6jk5h",2018-06-09 19:10:07+00:00,-0.7506,0.0,0.274,0.726,20
20,CNN,The small (but not insignificant) ways Anthony Bourdain made a difference in the lives of some everyday people‚Ä¶ https://t.co/TMK8f9nYfC,2018-06-09 19:00:08+00:00,0.0,0.0,0.0,1.0,21
21,CNN,"In the history of horse racing, only 12 horses have ever won the fabled Triple Crown. But why is this trophy so dif‚Ä¶ https://t.co/gDu0o6AgPX",2018-06-09 18:50:01+00:00,0.3291,0.093,0.0,0.907,22
22,CNN,"President Trump, while making remarks at the G7 summit, says he has not spoken to Vladimir Putin in ""quite a while,‚Ä¶ https://t.co/4qmAImsiL4",2018-06-09 18:40:00+00:00,0.0,0.0,0.0,1.0,23
23,CNN,This computer can do more calculations per second than the world's population could do in a year‚Ä¶ https://t.co/wqlDQvYF3L,2018-06-09 18:30:14+00:00,0.0,0.0,0.0,1.0,24
24,CNN,"At the G7 meeting, President Trump called for an end to tariffs and scolded other countries for using the United St‚Ä¶ https://t.co/KG7SFGii09",2018-06-09 18:20:06+00:00,0.4215,0.118,0.0,0.882,25
25,CNN,BlackBerry still hopes its keyboard keeps fans coming back https://t.co/AodQi1CBVV https://t.co/8KbIHW3k74,2018-06-09 18:10:00+00:00,0.4215,0.219,0.0,0.781,26
26,CNN,The race to save the Great Barrier Reef? A coral fertility treatment designed to help damaged parts of the reef is‚Ä¶ https://t.co/MD6vhMxOh8,2018-06-09 18:00:06+00:00,0.765,0.329,0.145,0.526,27
27,CNN,"What is a tariff? Your trade questions, answered https://t.co/AIJVEEOzHM https://t.co/HT5UJDzzjl",2018-06-09 17:50:06+00:00,0.0,0.0,0.0,1.0,28
28,CNN,A Sikh soldier wore a turban in Queen Elizabeth ll's official birthday parade https://t.co/LK0fihnFB2 https://t.co/142baFgcVA,2018-06-09 17:40:05+00:00,0.0,0.0,0.0,1.0,29
29,CNN,A former diplomat at the Vatican Embassy in Washington has been indicted by a Vatican court for possession of child‚Ä¶ https://t.co/CSRKlOzeg8,2018-06-09 17:27:05+00:00,0.0,0.0,0.0,1.0,30
30,CNN,Simona Halep wins first grand slam title by beating Sloane Stephens at the French Open https://t.co/0tMJbvB40e https://t.co/s3YRroOgXu,2018-06-09 17:18:43+00:00,0.2732,0.265,0.221,0.514,31
31,CNN,President Trump doubles down on his call for Russia to be readmitted into the G7 and blames former President Obama‚Ä¶ https://t.co/3zkWB92wwY,2018-06-09 16:59:35+00:00,-0.4019,0.0,0.119,0.881,32
32,CNN,The Trump administration's latest attack on Obamacare would gut protections for the sick https://t.co/ikBcCkGeAT https://t.co/ehXI4vF0vc,2018-06-09 16:47:11+00:00,-0.7506,0.0,0.33,0.67,33
33,CNN,Construction workers in the UK have found wads of cash dating back to World War II at a shop that once belonged to‚Ä¶ https://t.co/Zuo9XcYf9a,2018-06-09 16:36:04+00:00,-0.5994,0.0,0.151,0.849,34
34,CNN,"Anthony Bourdain's fans turned the restaurant where he shot to fame as a chef into a memorial, leaving roses and no‚Ä¶ https://t.co/5fg9y1cERL",2018-06-09 16:26:06+00:00,0.4404,0.132,0.0,0.868,35
35,CNN,"Hall of Fame trainer Bob Baffert, who is looking to make history with a win today at the Belmont Stakes, compares h‚Ä¶ https://t.co/sUsVNh98tA",2018-06-09 16:14:06+00:00,0.7717,0.251,0.0,0.749,36
36,CNN,"The week began with news of Trump canceling the Philadelphia Eagles' visit to the White House, and ended with news‚Ä¶ https://t.co/H1ILtBxF1W",2018-06-09 16:00:03+00:00,0.0,0.0,0.0,1.0,37
37,CNN,Illinois Republicans in Congress are making an urgent plea to President Trump: Don't let Rod Blagojevich off the ho‚Ä¶ https://t.co/L4UPCaV1kD,2018-06-09 15:50:29+00:00,0.2023,0.087,0.0,0.913,38
38,CNN,Former Trump campaign chairman Paul Manafort and his attorneys struck back at special counsel Robert Mueller's char‚Ä¶ https://t.co/m4eIhVUiWL,2018-06-09 15:38:05+00:00,0.1779,0.13,0.097,0.773,39
39,CNN,"Charles Krauthammer, the famed conservative columnist, informed readers that he is confronting an aggressive form o‚Ä¶ https://t.co/7vTbQ8M6D8",2018-06-09 15:27:34+00:00,-0.296,0.0,0.176,0.824,40
40,CNN,"Prince Harry and Meghan, Duchess of Sussex, joined celebrations of Queen Elizabeth II's official birthday with the‚Ä¶ https://t.co/UkiwKzYsxC",2018-06-09 15:13:56+00:00,0.0,0.0,0.0,1.0,41
41,CNN,Republicans haven't won statewide in Virginia since 2009. Tuesday's Senate primary shows why:‚Ä¶ https://t.co/xkWpPfkUCE,2018-06-09 14:57:06+00:00,-0.4585,0.0,0.187,0.813,42
42,CNN,President Trump says he thinks he‚Äôll know ‚Äúwithin the first minute‚Äù if North Korea is serious about peace‚Ä¶ https://t.co/kRdFefn4fN,2018-06-09 14:43:08+00:00,-0.0772,0.0,0.067,0.933,43
43,CNN,"RT @CNNPolitics: Trump: ""I think it would be asset to have Russia back in. I think it would be good for the world. I think it would be good‚Ä¶",2018-06-09 14:36:51+00:00,0.6597,0.178,0.0,0.822,44
44,CNN,"""Consumer Financial Protection Bureau acting director Mick Mulvaney has ousted a committed group of experts who vol‚Ä¶ https://t.co/l36frkFEtw",2018-06-09 14:30:03+00:00,0.2732,0.116,0.0,0.884,45
45,CNN,President Trump on the upcoming North Korea meeting: ‚ÄúI really feel confident. I feel that Kim Jong Un wants to do‚Ä¶ https://t.co/D0Fi57k3zj,2018-06-09 14:24:10+00:00,0.539,0.148,0.0,0.852,46
46,CNN,Things don't look good for Dodge and Chrysler https://t.co/twYdKzCpZ4 https://t.co/9aKZvGnuQG,2018-06-09 14:20:07+00:00,-0.3412,0.0,0.211,0.789,47
47,CNN,"President Trump: Trade was ""at the top of the list"" at G7 discussions because ""the United States has been taken adv‚Ä¶ https://t.co/u6247HzPsj",2018-06-09 14:18:20+00:00,0.5574,0.187,0.0,0.813,48
48,CNN,President Trump is speaking at the G7 before heading to Singapore for the summit with Kim Jong Un. Watch live on CN‚Ä¶ https://t.co/dNYLQOvVEk,2018-06-09 14:16:21+00:00,0.0,0.0,0.0,1.0,49
49,CNN,President Trump is planning to depart the G7 ahead of climate change talks https://t.co/bfFqMKTIrg https://t.co/6PkzSs4guA,2018-06-09 14:09:49+00:00,0.0,0.0,0.0,1.0,50
50,CNN,Former President Obama says he‚Äôll always remember the meal he shared with Anthony Bourdain in Vietnam: ‚ÄúHe taught u‚Ä¶ https://t.co/XI67jcoy55,2018-06-09 14:01:04+00:00,0.34,0.112,0.0,0.888,51
51,CNN,President Trump's tariffs on steel and aluminum threaten America's booming RV industry https://t.co/FxOEFN6Sx2 https://t.co/zpDj0uGxRI,2018-06-09 13:46:07+00:00,-0.3818,0.0,0.167,0.833,52
52,CNN,"What is a tariff? Your trade questions, answered https://t.co/8Fylq20zXj https://t.co/pSfQJhAnZR",2018-06-09 13:31:03+00:00,0.0,0.0,0.0,1.0,53
53,CNN,The Duke and Duchess of Sussex celebrate Queen Elizabeth II's official birthday with the traditional Trooping the C‚Ä¶ https://t.co/L2o8IJcNej,2018-06-09 13:26:05+00:00,0.5719,0.171,0.0,0.829,54
54,CNN,"One step on the island of Bermuda, and it's impossible not to be moved by its beauty, history, simplicity and charm‚Ä¶ https://t.co/mPpGOqifbk",2018-06-09 13:16:00+00:00,0.5859,0.153,0.0,0.847,55
55,CNN,"As the millions of US children diagnosed with ADHD move into adulthood, more and more are wondering whether to cont‚Ä¶ https://t.co/Qs5xlj8fwK",2018-06-09 13:01:05+00:00,0.0,0.0,0.0,1.0,56
56,CNN,"Fans around the world mourn chef and storyteller Anthony Bourdain, sharing memories of how his travels, food and co‚Ä¶ https://t.co/jiW8HhY9ia",2018-06-09 12:53:19+00:00,0.0,0.119,0.119,0.763,57
57,CNN,"Does a pharmacy have an obligation to help a patient be sure that insurance will cover a prescription?

That's the‚Ä¶ https://t.co/2Jxsnx7cI0",2018-06-09 12:46:08+00:00,0.6124,0.238,0.0,0.762,58
58,CNN,Twitter has had a stunning turnaround https://t.co/hzutT84IrC https://t.co/AK7R50K5mh,2018-06-09 12:31:06+00:00,0.3818,0.302,0.0,0.698,59
59,CNN,IHOP says it's changing name to IHOb. Many major companies also have rebranded ‚Äî some successfully and some not so‚Ä¶ https://t.co/Xz5NjtpaqH,2018-06-09 12:16:00+00:00,0.4939,0.144,0.0,0.856,60
60,CNN,Mars is suddenly more interesting | By Jonathan Lunine via @CNNOpinion https://t.co/EA2ETHIldR https://t.co/fgmZax7nwV,2018-06-09 12:01:03+00:00,0.4576,0.214,0.0,0.786,61
61,CNN,Construction workers in the UK have found wads of cash dating back to World War II at a shop that once belonged to‚Ä¶ https://t.co/TYdsjSziK7,2018-06-09 11:52:04+00:00,-0.5994,0.0,0.151,0.849,62
62,CNN,"During her commencement address to the MIT Class of 2018, Facebook COO Sheryl Sandberg spoke candidly about Faceboo‚Ä¶ https://t.co/hznkJTzAPH",2018-06-09 11:46:00+00:00,0.0,0.0,0.0,1.0,63
63,CNN,"Charles Krauthammer, the famed conservative columnist, informed readers that he is confronting an aggressive form o‚Ä¶ https://t.co/H6R3LykoER",2018-06-09 11:31:05+00:00,-0.296,0.0,0.176,0.824,64
64,CNN,"Will we ever fly like the Jetsons? This company just unveiled its first commercial flying car, Flyer ‚Äî and‚Ä¶ https://t.co/uRJsH7yPmG",2018-06-09 11:16:00+00:00,0.3612,0.122,0.0,0.878,65
65,CNN,The race to save the Great Barrier Reef? A coral fertility treatment designed to help damaged parts of the reef is‚Ä¶ https://t.co/AGpnS1dn0C,2018-06-09 11:01:06+00:00,0.765,0.329,0.145,0.526,66
66,CNN,"Organizers of a fashion show in Saudi Arabia used drones to display female clothes, drawing ridicule on social medi‚Ä¶ https://t.co/cgo5HTjIJd",2018-06-09 10:31:49+00:00,-0.4588,0.0,0.143,0.857,67
67,CNN,"From delivery to aviation, Dubai is at the forefront of drone experimentation. Here's a look at what the future hol‚Ä¶ https://t.co/IZMve8IRLb",2018-06-09 10:16:00+00:00,0.0,0.0,0.0,1.0,68
68,CNN,Are windowless planes the future of travel? https://t.co/Fjc2m6WgtG https://t.co/ux29QpKXWA,2018-06-09 10:01:03+00:00,0.0,0.0,0.0,1.0,69
69,CNN,"Hurricanes and tropical storms are moving more slowly around the planet, resulting in higher rainfall and more extr‚Ä¶ https://t.co/8qyqjq9IGd",2018-06-09 09:31:04+00:00,0.0,0.0,0.0,1.0,70
70,CNN,"The Afghan Taliban called for a three-day ceasefire with Afghan forces over the Eid al-Fitr holiday, a move that fo‚Ä¶ https://t.co/BLmTAtjmRg",2018-06-09 09:29:10+00:00,0.4019,0.13,0.0,0.87,71
71,CNN,"Tyler Soloman wiped tears of joy off his face after his father, who'd been deployed overseas, surprised Tyler by sh‚Ä¶ https://t.co/uzD0GNZH2P",2018-06-09 09:16:00+00:00,0.5859,0.223,0.074,0.703,72
72,CNN,"Penguins, Seals, and Krill: Antarctica's fragile food chain | via @CNNVR https://t.co/1BBRFfOzWk https://t.co/G46D0CB0wY",2018-06-09 09:01:21+00:00,0.0,0.0,0.0,1.0,73
73,CNN,Anthony Bourdain's life in pictures https://t.co/76sjWPlMRR https://t.co/MtFAqaoDvC,2018-06-09 08:31:08+00:00,0.0,0.0,0.0,1.0,74
74,CNN,"The US Embassy in Mozambique has warned of ""imminent attacks"" against government and commercial centers in a northe‚Ä¶ https://t.co/EoDJsFFoOM",2018-06-09 08:29:13+00:00,-0.6124,0.0,0.238,0.762,75
75,CNN,Egypt is building The Grand Egyptian Museum. The cost? More than $1 billion. It will re-house and restore some of t‚Ä¶ https://t.co/R5c8mOlfrv,2018-06-09 08:16:00+00:00,0.6369,0.206,0.0,0.794,76
76,CNN,The Justice Department won't defend the Deferred Action for Childhood Arrivals program in a federal lawsuit that Te‚Ä¶ https://t.co/0IJPEuEAF0,2018-06-09 08:05:06+00:00,0.3612,0.16,0.089,0.751,77
77,CNN,President Trump is dressed as a king on the new Time magazine cover https://t.co/7pFcAHVSIF https://t.co/joUPfVBvUY,2018-06-09 08:01:09+00:00,0.0,0.0,0.0,1.0,78
78,CNN,"First responders in Russellville, Arkansas, went above and beyond the call of duty to surprise a teen with autism a‚Ä¶ https://t.co/QtTP3JEFVL",2018-06-09 07:46:00+00:00,0.2732,0.1,0.0,0.9,79
79,CNN,The world's highest glass bridge will soon be home to the world's highest bungee jump https://t.co/fAaotSRizW via‚Ä¶ https://t.co/t4WbdUBMFL,2018-06-09 07:31:08+00:00,0.0,0.0,0.0,1.0,80
80,CNN,"Steamboat Geyser in Yellowstone National Park is erupting unusually often. One June 4, the geyser had its eighth er‚Ä¶ https://t.co/kzJPr5HFmj",2018-06-09 07:16:00+00:00,0.0,0.0,0.0,1.0,81
81,CNN,"Researchers are looking into the possibility of using blood tests to predict a woman's risk of premature birth, whi‚Ä¶ https://t.co/vJZFkJZz7U",2018-06-09 07:01:07+00:00,-0.2732,0.0,0.104,0.896,82
82,CNN,Watch these homes being built using a 3D printer https://t.co/igaBP4k4F8 https://t.co/cpQ97vRD2k,2018-06-09 06:46:00+00:00,0.0,0.0,0.0,1.0,83
83,CNN,KFC says it will break with its meat-loving tradition and begin testing a vegetarian alternative to chicken later t‚Ä¶ https://t.co/WfVJGm649F,2018-06-09 06:31:07+00:00,0.0,0.0,0.0,1.0,84
84,CNN,This Army soldier traveled from Iraq for his daughter‚Äôs graduation and surprised her at the rehearsal‚Ä¶ https://t.co/5UKjPCDo5W,2018-06-09 06:16:00+00:00,0.2263,0.106,0.0,0.894,85
85,CNN,This is the poem a kindergarten teacher hung up so her students know what to do in a school shooting‚Ä¶ https://t.co/Tf587ohFnZ,2018-06-09 06:01:07+00:00,0.0,0.0,0.0,1.0,86
86,CNN,Ever felt like your vacation would make a good blockbuster movie? This tour company aims to capture your travel exp‚Ä¶ https://t.co/DsmmE2rdJx,2018-06-09 05:46:00+00:00,0.8519,0.354,0.0,0.646,87
87,CNN,This delivery man is being praised for taking a welcome mat's quirky instructions literally https://t.co/JTIKQxzCvS https://t.co/rZCmomGUOb,2018-06-09 05:16:00+00:00,0.7351,0.323,0.0,0.677,88
88,CNN,Organic matter has been found on Mars in soil samples the Curiosity rover took from 3 billion-year-old mudstone in‚Ä¶ https://t.co/QrC1BQMFkl,2018-06-09 05:01:04+00:00,0.0258,0.058,0.0,0.942,89
89,CNN,BlackBerry still hopes its keyboard keeps fans coming back https://t.co/AodQi1UcNt https://t.co/r2CaKtagX7,2018-06-09 04:46:00+00:00,0.4215,0.219,0.0,0.781,90
90,CNN,"Venezuela ranks as the most dangerous country in the world for the second straight year, according to a new Gallup‚Ä¶ https://t.co/ywDhdCxqJn",2018-06-09 04:31:04+00:00,-0.3597,0.082,0.146,0.773,91
91,CNN,This surveillance camera footage from last weekend shows a tiny asteroid that NASA says disintegrated over southern‚Ä¶ https://t.co/f10F3pY2Rw,2018-06-09 04:16:00+00:00,0.0,0.0,0.0,1.0,92
92,CNN,Time cover gets Trump just right | By Michael D'Antonio via @CNNOpinion https://t.co/3Na14xHBeg https://t.co/MtWRm0tvV9,2018-06-09 04:01:07+00:00,0.0,0.0,0.0,1.0,93
93,CNN,"One step on the island of Bermuda, and it's impossible not to be moved by its beauty, history, simplicity and charm‚Ä¶ https://t.co/FUbBJgpbPn",2018-06-09 03:46:00+00:00,0.5859,0.153,0.0,0.847,94
94,CNN,The Golden State Warriors clinched their third NBA championship title in four years with a decisive 108-85 win over‚Ä¶ https://t.co/xFuSWVjOK6,2018-06-09 03:41:59+00:00,0.8225,0.35,0.0,0.65,95
95,CNN,"Manuel Antonio Cano Pacheco grew up in Iowa. He was sent back to Mexico because of misdemeanor convictions, ICE say‚Ä¶ https://t.co/AHXBMGozjb",2018-06-09 03:38:22+00:00,0.0,0.0,0.0,1.0,96
96,CNN,"As family and friends watch at a distance, phones set to record, a man places a watermelon into an alligator's jaws‚Ä¶ https://t.co/IwsAdq0ACH",2018-06-09 03:31:17+00:00,0.4767,0.147,0.0,0.853,97
97,CNN,What's the secret to Okinawans' long life? Experts argue that though a combination of good genes and healthy lifest‚Ä¶ https://t.co/YqGC9CbZTo,2018-06-09 03:16:04+00:00,0.4939,0.233,0.1,0.667,98
98,CNN,"RT @CNNTonight: ""Tony came raw to the picture, he came with his history of his own demons, he didn't hide that he had these terrible proble‚Ä¶",2018-06-09 03:12:27+00:00,-0.3781,0.053,0.108,0.839,99
99,CNN,What is 5G? It's a wireless network technology that will change everything from how you use your phone to how self-‚Ä¶ https://t.co/zsnqRVLTtA,2018-06-09 03:01:00+00:00,0.0,0.0,0.0,1.0,100
100,BBCWorld,G7 summit: $3bn pledge for girls' education https://t.co/lzB0N8d2dG,2018-06-09 22:40:30+00:00,0.0,0.0,0.0,1.0,101
101,BBCWorld,G7 commits to 'rules-based trading system' despite tensions with US https://t.co/lF9GGvnUlW,2018-06-09 22:10:00+00:00,0.3309,0.272,0.0,0.728,102
102,BBCWorld,UN condemns Central African Republic hospital raids https://t.co/93Wa37cReV,2018-06-09 19:39:30+00:00,-0.5106,0.0,0.32,0.68,103
103,BBCWorld,Trump: Kim has one shot at peace at Singapore summit https://t.co/BA8DNNKFPu,2018-06-09 19:14:02+00:00,0.5423,0.259,0.0,0.741,104
104,BBCWorld,Disruptive passenger on Jet2 flight banned for life https://t.co/Y0tzheYt6b,2018-06-09 17:20:32+00:00,-0.6486,0.0,0.431,0.569,105
105,BBCWorld,Inside Afghanistan's only secure psychiatric unit.  The BBC investigates the lasting effects of conflict in the cou‚Ä¶ https://t.co/pUmnntT4C7,2018-06-09 16:16:27+00:00,0.0258,0.116,0.111,0.773,106
106,BBCWorld,"Russian workers being taught how to smile more ahead of the World Cup 
‚ò∫Ô∏è‚ò∫Ô∏è
https://t.co/WBNlLAf9Nt https://t.co/uyLxrpKct6",2018-06-09 15:54:18+00:00,0.3612,0.143,0.0,0.857,107
107,BBCWorld,Iraq arrests asylum seeker wanted in Germany for Wiesbaden murder https://t.co/mRHxslzEMD,2018-06-09 15:18:41+00:00,-0.8225,0.0,0.458,0.542,108
108,BBCWorld,French Open 2018: Simona Halep beats Sloane Stephens in final https://t.co/HdiRgt3kuq,2018-06-09 15:18:41+00:00,0.0,0.0,0.0,1.0,109
109,BBCWorld,"RT @BBCNews: Trooping the Colour: Four things about the event that celebrates the Queen's official birthday
üëë
https://t.co/YHGc0NYNxv https‚Ä¶",2018-06-09 15:11:50+00:00,0.5719,0.171,0.0,0.829,110
110,BBCWorld,"US President @realDonaldTrump says he is ""on a mission of peace"" when he travels to Singapore to meet Kim Jong-un f‚Ä¶ https://t.co/LyCpbbjImh",2018-06-09 14:45:18+00:00,0.5423,0.149,0.0,0.851,111
111,BBCWorld,"""The United States has been taken advantage of for decades.. and we can't do that anymore""- US President‚Ä¶ https://t.co/iiAxrXtx8U",2018-06-09 14:30:38+00:00,0.5859,0.22,0.0,0.78,112
112,BBCWorld,"The first Bond girl, Eunice Grayson, dies at 90 https://t.co/iaWJA0aKui",2018-06-09 13:57:56+00:00,0.0,0.0,0.0,1.0,113
113,BBCWorld,"RT @BBCAfrica: MacBeth Sibaya: Racism in South Africa worse than Russia 

https://t.co/pfCrGOBoIS",2018-06-09 13:39:33+00:00,-0.802,0.0,0.419,0.581,114
114,BBCWorld,Vatican ex-diplomat on trial for 'child pornography' https://t.co/FQKuqa2yHw,2018-06-09 13:39:17+00:00,0.0,0.0,0.0,1.0,115
115,BBCWorld,"Two men who look like Donald Trump and Kim Jong-un went for a walk in Singapore 
But are they fooling anyone? ü§î‚Ä¶ https://t.co/zVip7wCxvn",2018-06-09 13:22:11+00:00,-0.4215,0.069,0.14,0.791,116
116,BBCWorld,RT @BBCNews: The Royal family watch the RAF flypast from Buckingham Palace. 23 aircraft are taking part to mark the Queen's official birthd‚Ä¶,2018-06-09 12:19:26+00:00,0.0,0.0,0.0,1.0,117
117,BBCWorld,"RT @BBCNews: A 41 gun salute is fired to mark the Queen's official birthday at the Trooping the Colour ceremony in London 
#TroopingtheColo‚Ä¶",2018-06-09 12:19:22+00:00,-0.7184,0.0,0.231,0.769,118
118,BBCWorld,Climate change: Pope urges action on clean energy https://t.co/ANRAS2l9Bv,2018-06-09 11:32:15+00:00,0.5859,0.407,0.0,0.593,119
119,BBCWorld,John Lasseter: Disney animation head to quit after misconduct claims https://t.co/VbE84nBTtd,2018-06-09 11:20:53+00:00,0.0,0.0,0.0,1.0,120
120,BBCWorld,French Open 2018: Simona Halep aims for maiden Grand Slam title https://t.co/ygHKq9Q1mH,2018-06-09 11:20:53+00:00,0.1027,0.192,0.167,0.641,121
121,BBCWorld,RT @BBCNews: The Trooping the Colour parade which marks the Queen's official birthday is underway in London. The Queen and Duke and Duchess‚Ä¶,2018-06-09 10:57:49+00:00,0.0,0.0,0.0,1.0,122
122,BBCWorld,Trump and Macron in handshake showdown at G7 summit https://t.co/ZlG6Um7Px8,2018-06-09 10:57:48+00:00,0.0,0.0,0.0,1.0,123
123,BBCWorld,Bride of Belsen Holocaust survivor Gena Turgel dies aged 95 https://t.co/XAZF4wgBUs,2018-06-09 10:44:05+00:00,0.3612,0.2,0.0,0.8,124
124,BBCWorld,"Form is temporary, class is permanent. Which counts more at the World Cup? 
‚öΩüèÉ‚Äç‚ôÇÔ∏è @BBCRealityCheck has crunched the‚Ä¶ https://t.co/XCRql73q54",2018-06-09 09:10:36+00:00,0.0,0.0,0.0,1.0,125
125,BBCWorld,Game of Thrones: HBO orders spinoff prequel pilot https://t.co/S4ucN26bky,2018-06-09 09:09:05+00:00,0.0,0.0,0.0,1.0,126
126,BBCWorld,G7 summit dogged by divisions between Trump and allies https://t.co/MHXoMA7KVo,2018-06-09 07:07:31+00:00,0.0,0.0,0.0,1.0,127
127,BBCWorld,Taliban agree three-day Eid ceasefire in Afghanistan https://t.co/WaVmsIdso0,2018-06-09 06:07:41+00:00,0.3612,0.263,0.0,0.737,128
128,BBCWorld,Anthony Bourdain: Chef breaks into tears remembering his friend https://t.co/VMvl8KSq3W,2018-06-09 03:52:37+00:00,0.3182,0.244,0.145,0.611,129
129,BBCWorld,Jobless young Italians abandon charms of south https://t.co/FcqWWWTKu2,2018-06-09 03:34:58+00:00,0.0,0.246,0.246,0.508,130
130,BBCWorld,India women pay tribute to Bollywood star Sridevi through cosplay https://t.co/rQjWBWWd3p,2018-06-09 03:14:00+00:00,-0.1027,0.0,0.123,0.877,131
131,BBCWorld,Tayyaba abuse case shines light on Pakistan's child maids https://t.co/sXsjI8bXcA,2018-06-09 03:09:29+00:00,-0.6369,0.0,0.318,0.682,132
132,BBCWorld,Maria Esther Bueno: Brazilian star of 1960s women's tennis dies https://t.co/hlcUIRhgcV,2018-06-09 01:59:35+00:00,0.0,0.0,0.0,1.0,133
133,BBCWorld,Trump Kim summit: Who's pulling the strings? https://t.co/GROmz0qgIX,2018-06-09 01:34:07+00:00,0.0,0.0,0.0,1.0,134
134,BBCWorld,Week in pictures: 2 - 8 June 2018 https://t.co/04QX8UWGZr,2018-06-09 01:26:51+00:00,0.0,0.0,0.0,1.0,135
135,BBCWorld,Anthony Bourdain: Why his travel shows had global appeal https://t.co/lrP0LJKC7n,2018-06-09 00:33:12+00:00,0.0,0.0,0.0,1.0,136
136,BBCWorld,China hackers steal data from US Navy contractor - reports https://t.co/A0UxMnLFFj,2018-06-08 23:10:00+00:00,-0.4939,0.0,0.262,0.738,137
137,BBCWorld,Why Russian workers are being taught how to smile https://t.co/K2vn2PyLt3,2018-06-08 23:10:00+00:00,0.3612,0.217,0.0,0.783,138
138,BBCWorld,'They keep me here so I can't attack' https://t.co/uqG5k3pvIF,2018-06-08 23:10:00+00:00,0.4277,0.288,0.0,0.712,139
139,BBCWorld,Barbed wire and smuggled crabs: Watching North Korea from China https://t.co/Vjgk1HoL9H,2018-06-08 23:10:00+00:00,-0.3612,0.0,0.2,0.8,140
140,BBCWorld,Why US suicide rate is on the rise https://t.co/6jqRzwhm8Q,2018-06-08 22:27:18+00:00,-0.6705,0.0,0.36,0.64,141
141,BBCWorld,US election 2018: The women lining up to topple Trump https://t.co/LOGxNymdY4,2018-06-08 21:49:36+00:00,0.0,0.0,0.0,1.0,142
142,BBCWorld,'Kim and Trump' buddy up in Singapore https://t.co/G0i7WJ60Kp,2018-06-08 21:49:36+00:00,0.0,0.0,0.0,1.0,143
143,BBCWorld,Cuba 'sonic attack': US tests two more Havana embassy staff https://t.co/rUEbx6eGMs,2018-06-08 20:26:04+00:00,0.0,0.0,0.0,1.0,144
144,BBCWorld,US soldier killed in Somalia firefight https://t.co/rEudHbzFIX,2018-06-08 20:02:34+00:00,-0.6705,0.0,0.429,0.571,145
145,BBCWorld,Why Turkey‚Äôs election matters to you https://t.co/ZvjTjYB9NB,2018-06-08 19:57:33+00:00,0.0258,0.155,0.0,0.845,146
146,BBCWorld,Mueller charges Manafort's right-hand man Konstantin Kilimnik https://t.co/q8UkWe7lxS,2018-06-08 19:50:10+00:00,-0.2732,0.0,0.231,0.769,147
147,BBCWorld,"RT @BBCBreaking: World leaders assemble for 'family photo' at G7 summit in Canada 

https://t.co/9TJ4sS5Kev https://t.co/ZWUrmO3cV5",2018-06-08 18:36:08+00:00,0.0,0.0,0.0,1.0,148
148,BBCWorld,Anthony Bourdain: Five of his tips for eating out https://t.co/LtHrUA3UZf,2018-06-08 18:19:47+00:00,0.0,0.0,0.0,1.0,149
149,BBCWorld,Could an emoji save your life in an earthquake? https://t.co/XYrmKybk1h,2018-06-08 18:17:32+00:00,0.4939,0.262,0.0,0.738,150
150,BBCWorld,US 'grants extradition' of former Panama President Ricardo Martinelli https://t.co/UAW2FYapUv,2018-06-08 17:50:19+00:00,0.2263,0.174,0.0,0.826,151
151,BBCWorld,"RT @BBCSport: Incredible.

Rafael Nadal is in the French Open final AGAIN.

LIVEüëâhttps://t.co/9uGaa6ApEd
üìª @5livesport extra
#bbctennis #RG‚Ä¶",2018-06-08 16:19:04+00:00,0.0,0.0,0.0,1.0,152
152,BBCWorld,Pilot dies after plane crash-lands in Melbourne https://t.co/EMeKHmKRYj,2018-06-08 16:18:56+00:00,0.0,0.0,0.0,1.0,153
153,BBCWorld,Photojournalist Duncan dies aged 102 https://t.co/UiTmSm6hu9,2018-06-08 16:18:55+00:00,0.0,0.0,0.0,1.0,154
154,BBCWorld,Alligator knocks out trapper in Florida https://t.co/tVJz096hfE,2018-06-08 15:26:20+00:00,0.0,0.0,0.0,1.0,155
155,BBCWorld,"üë® See you later alligator! 
üêä You're not getting rid of me that easily 

https://t.co/qQ1cgJlABC https://t.co/k42qn8mVcx",2018-06-08 15:11:34+00:00,0.4003,0.152,0.0,0.848,156
156,BBCWorld,Anthony Bourdain tributes celebrate his #MeToo support https://t.co/NHWLK8aJEa,2018-06-08 14:57:55+00:00,0.7506,0.516,0.0,0.484,157
157,BBCWorld,Ghana football head Kwesi Nyantakyi banned by Fifa over 'cash gift' https://t.co/KsfCRCM7gT,2018-06-08 14:57:55+00:00,-0.0258,0.182,0.189,0.629,158
158,BBCWorld,Congo warlord's conviction overturned https://t.co/5wXHGlhCwB,2018-06-08 14:46:00+00:00,0.0,0.0,0.0,1.0,159
159,BBCWorld,RT @bbcworldservice: How these children in Uganda are being taught to spot 'fake news'. https://t.co/bFElDeRRfs,2018-06-08 14:36:31+00:00,-0.4767,0.0,0.181,0.819,160
160,BBCWorld,RT @BBCNews: The Queen has successful cataract operation https://t.co/xsbqmA0rT5,2018-06-08 14:35:20+00:00,0.5859,0.322,0.0,0.678,161
161,BBCWorld,Chimamanda Ngozi Adichie: Changing men and opening doors https://t.co/ByW9IlvCmJ,2018-06-08 14:26:27+00:00,0.0,0.0,0.0,1.0,162
162,BBCWorld,The ghost village being reclaimed by nature https://t.co/vQ4NLtHSKq,2018-06-08 14:26:27+00:00,-0.3182,0.0,0.247,0.753,163
163,BBCWorld,Susanna Feldman murder: Suspect in German teen's killing arrested in Iraq https://t.co/NzRl3TOjBY,2018-06-08 13:53:16+00:00,-0.9371,0.0,0.643,0.357,164
164,BBCWorld,Muhammad Ali: President Trump mulls draft dodging pardon https://t.co/sE4Vgx0o3z,2018-06-08 13:22:41+00:00,0.2263,0.215,0.131,0.654,165
165,BBCWorld,South African company apologises for sexist beer campaign https://t.co/lio95mz2Vs,2018-06-08 12:26:05+00:00,0.2023,0.184,0.0,0.816,166
166,BBCWorld,"RT @BBCBreaking: US celebrity chef and writer Anthony Bourdain found dead in French hotel room at age of 61, his employer CNN says https://‚Ä¶",2018-06-08 12:04:07+00:00,-0.6486,0.0,0.158,0.842,167
167,BBCWorld,Anthony Bourdain: Celebrity chef found dead at 61 https://t.co/CSe1SfLbyh,2018-06-08 11:34:10+00:00,-0.6486,0.0,0.35,0.65,168
168,BBCWorld,"RT @BBC_HaveYourSay: What do you do when a loved one suffers from depression? If you are happy to do so, please share your stories with us.‚Ä¶",2018-06-08 11:18:49+00:00,0.7407,0.336,0.175,0.489,169
169,BBCWorld,"RT @BBCSteveR: President Putin's TV phone-in: ""democracy in action"" or ""the product of an inefficient system""?  My quick take on the marath‚Ä¶",2018-06-08 11:16:57+00:00,0.0,0.0,0.0,1.0,170
170,BBCWorld,RT @BBCEarth: Sir David Attenborough‚Äôs message for #WorldOceansDay. üåäüíô https://t.co/H7x7bD25hZ,2018-06-08 11:09:25+00:00,0.0,0.0,0.0,1.0,171
171,BBCWorld,Stolen Christopher Columbus letter returned to Spain https://t.co/A9KGNYDvOz,2018-06-08 10:40:11+00:00,-0.4939,0.0,0.314,0.686,172
172,BBCWorld,Fortnite player first to reach elusive game island https://t.co/m5yHE8weV7,2018-06-08 10:30:17+00:00,0.0258,0.121,0.0,0.879,173
173,BBCWorld,Airbnb cancels thousands of bookings in Japan https://t.co/DVjm9AfyT1,2018-06-08 10:15:03+00:00,-0.2263,0.0,0.213,0.787,174
174,BBCWorld,Chinese house demolition halted because of swallow residents https://t.co/lfRVqFAXOW,2018-06-08 10:07:59+00:00,0.0,0.0,0.0,1.0,175
175,BBCWorld,Lullaby written for school-shooting drills https://t.co/drHquGiiyy,2018-06-08 09:53:26+00:00,0.0,0.0,0.0,1.0,176
176,BBCWorld,RT @bbcworldservice: What's happening to Botswana's disappearing birds of prey? https://t.co/r7ap3kXJhl,2018-06-08 09:47:46+00:00,0.0,0.0,0.0,1.0,177
177,BBCWorld,"""Who could survive this heat?"" 
Eddie Santiago returns to search for his family after the Guatemala volcano üåã‚Ä¶ https://t.co/GuW3Knrc7s",2018-06-08 09:35:22+00:00,0.0,0.0,0.0,1.0,178
178,BBCWorld,Trump-Kim summit: S Korean reporters arrested over N Korea 'trespass' https://t.co/wanY1HqpZg,2018-06-08 09:32:25+00:00,-0.4767,0.0,0.279,0.721,179
179,BBCWorld,"Turkey is holding early elections so why does it matter? üáπü§î
Here's the BBC's Turkey correspondent @marklowen on wha‚Ä¶ https://t.co/s8deGwPfGA",2018-06-08 09:12:06+00:00,0.0258,0.055,0.0,0.945,180
180,BBCWorld,Austria to shut seven 'political' mosques and expel imams https://t.co/40EAL3221A,2018-06-08 09:07:25+00:00,-0.4404,0.0,0.244,0.756,181
181,BBCWorld,Making food crops that feed themselves https://t.co/L4gtmnZYwq,2018-06-08 08:57:48+00:00,0.0,0.0,0.0,1.0,182
182,BBCWorld,"RT @BBC_HaveYourSay: ""My name is Michael Patterson, sir. Thank you for delivering me."" 

https://t.co/4ktgD2zmIx",2018-06-08 07:26:35+00:00,0.3612,0.161,0.0,0.839,183
183,BBCWorld,Tariffs and Trump: War of words ahead of G7 summit https://t.co/biWNYzibei,2018-06-08 07:04:28+00:00,-0.5994,0.0,0.281,0.719,184
184,BBCWorld,"RT @BBCStreeter: France has banned mobile phones in schools, should other countries do the same? On #bbcbizlive ‚Å¶‚Å¶@BBCBusiness‚Å© we want to‚Ä¶",2018-06-08 07:04:00+00:00,-0.4019,0.056,0.129,0.815,185
185,BBCWorld,Australia indigenous treaties: Historic steps 'beginning of journey' https://t.co/xCgiEZ6arL,2018-06-08 06:21:39+00:00,0.0,0.0,0.0,1.0,186
186,BBCWorld,Big fight to bring arm wrestling to South Africa's townships https://t.co/Fj7KlFhCN2,2018-06-08 03:11:30+00:00,-0.3818,0.0,0.206,0.794,187
187,BBCWorld,Trump-Kim summit: Can you achieve peace on a plate? https://t.co/N7eeTPsyH3,2018-06-08 03:11:30+00:00,0.5423,0.304,0.0,0.696,188
188,BBCWorld,RT @BBCMaryam: French school kids are to be banned from using mobile phones on school grounds in France from Sept. Is this a good thing ? O‚Ä¶,2018-06-08 03:08:52+00:00,0.0964,0.115,0.102,0.783,189
189,BBCWorld,Doug Ford: Ex-Toronto mayor's brother set to be Ontario premier https://t.co/Te5Kj7pBl4,2018-06-08 02:31:17+00:00,0.0,0.0,0.0,1.0,190
190,BBCWorld,IMF agrees to loan up to $50bn for Argentina https://t.co/mE818MXK46,2018-06-08 02:10:24+00:00,0.2023,0.167,0.0,0.833,191
191,BBCWorld,Canada moves a step closer to legalising marijuana https://t.co/g31HAMjAqT,2018-06-08 01:36:11+00:00,0.0,0.0,0.0,1.0,192
192,BBCWorld,"US to send 1,600 immigration detainees to federal prisons https://t.co/JisMU9COyf",2018-06-08 01:18:43+00:00,0.0,0.0,0.0,1.0,193
193,BBCWorld,US President Donald Trump said he would consider inviting North Korea's Kim Jong-un to the White House if their sum‚Ä¶ https://t.co/Qux6rLCASx,2018-06-08 00:33:47+00:00,0.3182,0.103,0.0,0.897,194
194,BBCWorld,UN sanctions top people smugglers in Libya in global first https://t.co/GLAS7ok1EY,2018-06-07 23:56:30+00:00,-0.1531,0.136,0.182,0.682,195
195,BBCWorld,Mexico candidate L√≥pez Obrador thrives on promise of change https://t.co/629EgGPCut,2018-06-07 23:46:56+00:00,0.3182,0.204,0.0,0.796,196
196,BBCWorld,Viewpoint: Will Pakistan mend its ways on terror? https://t.co/mqPilVt63E,2018-06-07 23:44:48+00:00,-0.5267,0.0,0.298,0.702,197
197,BBCWorld,Will the G7 summit be dominated by a trade row? https://t.co/fBR7R0Ynsm,2018-06-07 23:44:46+00:00,0.0,0.0,0.0,1.0,198
198,BBCWorld,Turkey‚Äôs Erdogan faces surprise test in tight vote https://t.co/e27FsI9Mrl,2018-06-07 23:33:14+00:00,0.2732,0.208,0.0,0.792,199
199,BBCWorld,Africa's week in pictures: 1-7 June 2018 https://t.co/9kEBFNgC8G,2018-06-07 23:23:57+00:00,0.0,0.0,0.0,1.0,200
200,CBSNews,The family in charge of the Singapore hotel hosting the U.S.-North Korea summit shares Trump-like ambition‚Ä¶ https://t.co/2CrEnrgTDN,2018-06-09 22:39:39+00:00,0.296,0.121,0.0,0.879,201
201,CBSNews,"""A lot of people in Congress are focused on what's going to happen tomorrow, not what's going to happen in 2026"": T‚Ä¶ https://t.co/iVUotZcDZB",2018-06-09 22:19:39+00:00,0.3818,0.106,0.0,0.894,202
202,CBSNews,California Officials say wildfires last year that killed 15 are attributable to Pacific Gas &amp; Electric Co. equipmen‚Ä¶ https://t.co/a50mKES8Ss,2018-06-09 22:19:39+00:00,-0.6705,0.0,0.2,0.8,203
203,CBSNews,The Category 4 hurricane brewing off the coast of Mexico and Baja California Sur will make for dangerous swells and‚Ä¶ https://t.co/cWAlq5t2sx,2018-06-09 21:59:49+00:00,-0.4767,0.0,0.14,0.86,204
204,CBSNews,Buildings in the Bay Area lit up blue and gold overnight as fans celebrated the Golden State @Warriors' third NBA c‚Ä¶ https://t.co/ec26P3ueg3,2018-06-09 21:39:56+00:00,0.5719,0.15,0.0,0.85,205
205,CBSNews,"Volkswagen's plan to end production of the iconic model won't change the love many owners have for their ""bugs""‚Äî or‚Ä¶ https://t.co/rs7fn7GOJn",2018-06-09 21:19:31+00:00,-0.5216,0.0,0.144,0.856,206
206,CBSNews,"Toxic abuse has long been a staple of darker social-media realms, message boards and internet comments pages -- but‚Ä¶ https://t.co/78lXrTPDdd",2018-06-09 20:59:38+00:00,-0.6369,0.0,0.189,0.811,207
207,CBSNews,"Prince George may be Britain's future king, but his cousin Savannah Phillips isn't shy about telling him to quiet d‚Ä¶ https://t.co/RWpQeA8K3b",2018-06-09 20:40:21+00:00,0.2755,0.095,0.0,0.905,208
208,CBSNews,As this year's Puerto Rican Day Parade draws attention to the island's continued struggle in the wake of Hurricane‚Ä¶ https://t.co/HulKjfBHpo,2018-06-09 20:19:24+00:00,-0.3182,0.0,0.108,0.892,209
209,CBSNews,A salmonella outbreak spanning eight states that infected 60 and hospitalized 31 has been connected to pre-cut melo‚Ä¶ https://t.co/4YO6g3W7vD,2018-06-09 20:02:01+00:00,-0.4939,0.0,0.158,0.842,210
210,CBSNews,"RT @CBSSunday: TOMORROW 

Jim Parsons, best known for his work in front of the camera on @bigbangtheory &amp; on the stage in the revival of @B‚Ä¶",2018-06-09 19:42:37+00:00,0.6369,0.144,0.0,0.856,211
211,CBSNews,"""It is a myth that asking about suicide will cause someone to commit suicide"": Experts offer insight on interventio‚Ä¶ https://t.co/cQwktOodtT",2018-06-09 19:39:57+00:00,-0.5106,0.093,0.19,0.717,212
212,CBSNews,"President Trump cut his G-7 attendance short to leave for the summit in Singapore, leaving other leaders to discuss‚Ä¶ https://t.co/drnDIHeJK9",2018-06-09 19:19:51+00:00,-0.3182,0.0,0.155,0.845,213
213,CBSNews,"Shahab fled Iran after he was beaten and jailed for converting to Christianity. Now in the U.S., he‚Äôs free from all‚Ä¶ https://t.co/0fctuXaeRS",2018-06-09 19:00:22+00:00,-0.4019,0.117,0.212,0.671,214
214,CBSNews,Russian President Vladimir Putin was caught delicately crafting dumplings Friday during his visit to China https://t.co/beLeCP6unJ,2018-06-09 18:40:11+00:00,0.1779,0.116,0.075,0.809,215
215,CBSNews,Doctors told her parents she likely wouldn't live long‚Äî then that she would never walk. This 19-year-old with cereb‚Ä¶ https://t.co/SKziTGHEFj,2018-06-09 18:21:23+00:00,0.0,0.0,0.0,1.0,216
216,CBSNews,The 2018 Belmont Stakes is set to take place this evening -- and one horse is hoping to win the Triple Crown‚Ä¶ https://t.co/lQDgMcPIPd,2018-06-09 18:14:56+00:00,0.765,0.239,0.0,0.761,217
217,CBSNews,"Ahead of the highly-anticipated summit with North Korea, @CBSEveningNews anchor @JeffGlor is in Singapore:‚Ä¶ https://t.co/MnZjShPdgw",2018-06-09 17:50:04+00:00,0.0,0.0,0.0,1.0,218
218,CBSNews,"Electric cars are already here. Now, companies are looking to move the technology into another space: airplanes.‚Ä¶ https://t.co/JhtJSzubZs",2018-06-09 17:29:57+00:00,0.0,0.0,0.0,1.0,219
219,CBSNews,RT @CBSThisMorning: .@TheTonyAwards are on @CBS tomorrow night! Here‚Äôs a look at some of the preparations ahead of Broadway‚Äôs biggest night‚Ä¶,2018-06-09 17:16:39+00:00,0.0,0.0,0.0,1.0,220
220,CBSNews,President Trump said it won't take long for him to tell if North Korean leader Kim Jong Un is serious about denucle‚Ä¶ https://t.co/sKVAqhatkJ,2018-06-09 17:10:21+00:00,-0.0772,0.0,0.056,0.944,221
221,CBSNews,The family in charge of the Singapore hotel hosting the U.S.-North Korea summit shares Trump-like ambition‚Ä¶ https://t.co/sDTZlDpuBg,2018-06-09 16:50:01+00:00,0.296,0.121,0.0,0.879,222
222,CBSNews,"Top-ranked Simona Halep wins the #FrenchOpen by defeating Sloane Stephens 3-6, 6-4, 6-1 https://t.co/en40gwzJJT https://t.co/SHLFffYyEO",2018-06-09 16:29:33+00:00,0.2732,0.192,0.135,0.674,223
223,CBSNews,"He risked his life, traveling thousands of miles to cross the U.S. border, but his journey is far from over. Stream‚Ä¶ https://t.co/1CyQsRrk9D",2018-06-09 16:10:30+00:00,-0.1154,0.0,0.065,0.935,224
224,CBSNews,The Afghan Taliban announced a 3-day cease-fire for the Eid al-Fitr holiday at the end of the holy month of Ramadan‚Ä¶ https://t.co/CrcHIAuFe1,2018-06-09 15:49:30+00:00,0.4019,0.119,0.0,0.881,225
225,CBSNews,"President Trump says he will ""know in the first minute"" whether North Korean leader Kim Jong Un is ""serious"" about‚Ä¶ https://t.co/47Aqo1HEga",2018-06-09 15:41:55+00:00,0.0,0.0,0.0,1.0,226
226,CBSNews,Prince Harry and Meghan Markle joined the pageantry of the annual Trooping the Color ceremony to celebrate Queen El‚Ä¶ https://t.co/0YsALCVVNH,2018-06-09 15:29:42+00:00,0.5719,0.163,0.0,0.837,227
227,CBSNews,WATCH: Take a look at how the coastline of Hawaii's Big Island has changed since the Kilauea volcano began erupting‚Ä¶ https://t.co/MhZSAxyHnr,2018-06-09 15:10:07+00:00,0.0,0.0,0.0,1.0,228
228,CBSNews,4 U.S. service members who were wounded in an extremist attack in Somalia that killed one special operations soldie‚Ä¶ https://t.co/bcEyYzRuJl,2018-06-09 14:49:49+00:00,-0.7096,0.103,0.289,0.608,229
229,CBSNews,"Reporter: How long do you¬†think it will take you to¬†figure out whether Kim Jong Un is¬†serious?

President Trump: ‚ÄúI‚Ä¶ https://t.co/OBU0BrL9qf",2018-06-09 14:39:43+00:00,-0.0772,0.0,0.056,0.944,230
230,CBSNews,"President Trump says the U.S. relationship with its allies ""is a 10"" following G-7 summit https://t.co/syywHUMwLG https://t.co/mtKO3vrHT7",2018-06-09 14:36:02+00:00,0.0,0.0,0.0,1.0,231
231,CBSNews,"""You know, Obama can say all he wants, but he allowed Russia to take Crimea. I may have had a much different attitu‚Ä¶ https://t.co/E3sMsGuxnK",2018-06-09 14:31:24+00:00,0.0,0.0,0.0,1.0,232
232,CBSNews,"""Tariffs are going to come way down because we people cannot continue to do that,"" President Trump says. ""We are li‚Ä¶ https://t.co/oU0EL8VFIN",2018-06-09 14:26:38+00:00,0.0,0.0,0.0,1.0,233
233,CBSNews,"""I think it would be an asset to¬†have Russia back in [the G-7].¬†I think it would be good for¬†the world,"" President‚Ä¶ https://t.co/SjvNCse3XM",2018-06-09 14:23:43+00:00,0.6597,0.197,0.0,0.803,234
234,CBSNews,"""I really feel confident. I feel that Kim Jong Un wants to do something great for his people, and he has that oppor‚Ä¶ https://t.co/vife8VEUjx",2018-06-09 14:22:36+00:00,0.8214,0.265,0.0,0.735,235
235,CBSNews,"""I will be on a mission of peace, and we will carry in, really -- in my heart, we are going to be carrying the hear‚Ä¶ https://t.co/kAORBwtI0w",2018-06-09 14:20:16+00:00,0.5423,0.123,0.0,0.877,236
236,CBSNews,"""We want and expect other nation to provide fair market access to American exports and that we will take whatever s‚Ä¶ https://t.co/Ss7moC0GQc",2018-06-09 14:16:38+00:00,0.3818,0.153,0.0,0.847,237
237,CBSNews,WATCH LIVE: President Trump delivers statement at G-7 summit as he prepares to head to Singapore for meeting with N‚Ä¶ https://t.co/8ZKOqjf4qs,2018-06-09 14:14:03+00:00,0.0,0.0,0.0,1.0,238
238,CBSNews,"For more than a year, Florida failed to do national background checks that could have disqualified people from gain‚Ä¶ https://t.co/hvt09tJdaV",2018-06-09 13:49:30+00:00,-0.7269,0.0,0.264,0.736,239
239,CBSNews,Can President Trump and Kim Jong Un end the 68-year-old Korean War? https://t.co/yJYhxdnN74 https://t.co/z54J6O7jJK,2018-06-09 13:30:03+00:00,-0.5994,0.0,0.231,0.769,240
240,CBSNews,Search teams have located the body of a woman who vanished Friday in a suspected alligator attack‚Ä¶ https://t.co/wg7RX1ZqLv,2018-06-09 13:15:54+00:00,-0.2263,0.0,0.112,0.888,241
241,CBSNews,"""Zero trust"" between U.S. and North Korea ahead of historic summit https://t.co/2bT4TFLoUf https://t.co/8VpZ7gHoRk",2018-06-09 13:03:03+00:00,0.5106,0.216,0.0,0.784,242
242,CBSNews,"University offers $3,500 to get sick and stay in ""Hotel Influenza"" https://t.co/pHdAork3OW https://t.co/pnJwdLVXQE",2018-06-09 12:48:04+00:00,-0.5106,0.0,0.216,0.784,243
243,CBSNews,"Gloria Williams sentenced for kidnapping newborn from hospital, raising child as her own https://t.co/oQxTlSaIMO https://t.co/RPOft178nu",2018-06-09 12:33:04+00:00,-0.0258,0.0,0.073,0.927,244
244,CBSNews,"Mother, her boyfriend sentenced in boy's ""beyond animalistic"" child abuse death https://t.co/P61Ja7u7kS https://t.co/1OI79KPaIj",2018-06-09 12:18:04+00:00,-0.8481,0.0,0.479,0.521,245
245,CBSNews,Former Senate Intel staffer accused of lying to FBI makes first court appearance https://t.co/Ci68UqgVxb https://t.co/tLQ2bY4iDB,2018-06-09 12:03:04+00:00,-0.6808,0.0,0.301,0.699,246
246,CBSNews,Teen escorted from U.S. by ICE slain soon after in Mexico: Report https://t.co/JWiopRQHMA https://t.co/QDGXtfRMjl,2018-06-09 11:48:03+00:00,0.0,0.0,0.0,1.0,247
247,CBSNews,Fox News' Charles Krauthammer says he has weeks to live https://t.co/4HPbRwLsAc https://t.co/wz1UiswLri,2018-06-09 11:33:03+00:00,0.0,0.0,0.0,1.0,248
248,CBSNews,Palestinians killed in protest near Israel-Gaza border https://t.co/DhtoKuJN9x https://t.co/qGbxFIUtK2,2018-06-09 11:18:03+00:00,-0.7579,0.0,0.481,0.519,249
249,CBSNews,Group photo masks underlying tension at G-7 summit https://t.co/gWeG8c22fI https://t.co/2Aqe8J9lyH,2018-06-09 11:03:05+00:00,-0.3182,0.0,0.204,0.796,250
250,CBSNews,"Mom in ""affluenza"" case in Texas jail after positive drug test https://t.co/BdS7ls5VfD https://t.co/07u57WLNPp",2018-06-09 10:48:04+00:00,0.5574,0.231,0.0,0.769,251
251,CBSNews,Stars react to Anthony Bourdain's death https://t.co/XaqFFj4SOP https://t.co/i6KvwcoZeI,2018-06-09 10:33:04+00:00,-0.5994,0.0,0.358,0.642,252
252,CBSNews,$315M Powerball Jackpot winner comes forward https://t.co/ld8gpKWB2g https://t.co/MDyi8AsNCn,2018-06-09 10:18:05+00:00,0.5859,0.352,0.0,0.648,253
253,CBSNews,Former security chief for Senate Intelligence Committee indicted https://t.co/WWaotj7p68 https://t.co/XSkfk4QC4s,2018-06-09 10:03:05+00:00,0.6705,0.407,0.0,0.593,254
254,CBSNews,Teen's arrest prompts new use-of-force investigation for Mesa police https://t.co/AomCZUrMUq https://t.co/2NSzowvnSO,2018-06-09 09:48:06+00:00,-0.34,0.0,0.194,0.806,255
255,CBSNews,Stormy Daniels' former attorney countersues https://t.co/CHACqidrrE https://t.co/j0JS2Q636P,2018-06-09 09:33:03+00:00,0.0,0.0,0.0,1.0,256
256,CBSNews,5 dangerous myths about Social Security https://t.co/L97dCCNTK4 https://t.co/nJTclEeU31,2018-06-09 09:18:04+00:00,-0.1779,0.229,0.295,0.476,257
257,CBSNews,"Suspect in fatal crash tells TV station: ""People hit and run people all the time"" https://t.co/ZUpGexiSHj https://t.co/ri9u6P6eBF",2018-06-09 09:03:08+00:00,-0.8126,0.0,0.375,0.625,258
258,CBSNews,High school valedictorian says mic was cut before speaking about sex assault https://t.co/VHy6P86iZW https://t.co/vr3OZuZ8NN,2018-06-09 08:48:04+00:00,-0.7096,0.0,0.33,0.67,259
259,CBSNews,Woman who led private investigator to stepson's decomposing remains found dead https://t.co/ifW3Y8NNWh https://t.co/fINIm2HenM,2018-06-09 08:33:04+00:00,-0.6486,0.0,0.264,0.736,260
260,CBSNews,"Gloria Williams sentenced for kidnapping newborn from hospital, raising child as her own https://t.co/dZbiYaOlNs https://t.co/nGg2JYkFQv",2018-06-09 08:18:03+00:00,-0.0258,0.0,0.073,0.927,261
261,CBSNews,"University offers $3,500 to get sick and stay in ""Hotel Influenza"" https://t.co/qmdxJHvro3 https://t.co/Ay5D1Hnrk9",2018-06-09 08:03:04+00:00,-0.5106,0.0,0.216,0.784,262
262,CBSNews,"Mother, her boyfriend sentenced in boy's ""beyond animalistic"" child abuse death https://t.co/NSvhsLD5YS https://t.co/Es5pmEwguh",2018-06-09 07:48:03+00:00,-0.8481,0.0,0.479,0.521,263
263,CBSNews,"Asia Argento, girlfriend of Anthony Bourdain, ""beyond devastated"" https://t.co/iYY5HTPcVe https://t.co/twNUJmiCIp",2018-06-09 07:33:03+00:00,-0.6124,0.0,0.308,0.692,264
264,CBSNews,Fox News' Charles Krauthammer says he has weeks to live https://t.co/fbQ25GCArj https://t.co/7YOc4ptMl0,2018-06-09 07:18:03+00:00,0.0,0.0,0.0,1.0,265
265,CBSNews,"Researchers say they're on the verge of creating a revolutionary, non-addictive painkiller https://t.co/u9kM4XUWXI https://t.co/KJLneHl9Xg",2018-06-09 07:03:04+00:00,0.296,0.155,0.0,0.845,266
266,CBSNews,Palestinians killed in protest near Israel-Gaza border https://t.co/Gcf57qhHp6 https://t.co/yEeiclWjS0,2018-06-09 06:48:04+00:00,-0.7579,0.0,0.481,0.519,267
267,CBSNews,"Trump says he may pardon Muhammad Ali, who does not need a pardon https://t.co/CSfrmCESau https://t.co/lEbE35xvkE",2018-06-09 06:33:04+00:00,0.5574,0.277,0.0,0.723,268
268,CBSNews,Stars react to Anthony Bourdain's death https://t.co/ZAvjD1gHKv https://t.co/Xzyn9wv60j,2018-06-09 06:18:04+00:00,-0.5994,0.0,0.358,0.642,269
269,CBSNews,"Mom in ""affluenza"" case in Texas jail after positive drug test https://t.co/Aryj6AEkAZ https://t.co/K39a1CtDfC",2018-06-09 06:03:06+00:00,0.5574,0.231,0.0,0.769,270
270,CBSNews,Kate Spade's father said he spoke to her the night before she died https://t.co/hPhLaiRl9K https://t.co/xbutyk3sKb,2018-06-09 05:48:04+00:00,-0.5574,0.0,0.205,0.795,271
271,CBSNews,$315M Powerball Jackpot winner comes forward https://t.co/EtmEQjQ1iD https://t.co/wzu4QQsb9J,2018-06-09 05:33:05+00:00,0.5859,0.352,0.0,0.648,272
272,CBSNews,Teen's arrest prompts new use-of-force investigation for Mesa police https://t.co/Ojn5ufeZQW https://t.co/P2IlJl7Y8v,2018-06-09 05:18:05+00:00,-0.34,0.0,0.194,0.806,273
273,CBSNews,Stormy Daniels' former attorney countersues https://t.co/9TcJ8awSG0 https://t.co/Y7HjJ8RZAA,2018-06-09 05:03:04+00:00,0.0,0.0,0.0,1.0,274
274,CBSNews,5 dangerous myths about Social Security https://t.co/eJR8SNXxF6 https://t.co/bpF6XXuB01,2018-06-09 04:48:03+00:00,-0.1779,0.229,0.295,0.476,275
275,CBSNews,High school valedictorian says mic was cut before speaking about sex assault https://t.co/HPzGQvfP6v https://t.co/y4vjIuSSbB,2018-06-09 04:33:03+00:00,-0.7096,0.0,0.33,0.67,276
276,CBSNews,Woman who led private investigator to stepson's decomposing remains found dead https://t.co/tIzWD3pZII https://t.co/EylAtAJMjM,2018-06-09 04:18:03+00:00,-0.6486,0.0,0.264,0.736,277
277,CBSNews,"Gloria Williams sentenced for kidnapping newborn from hospital, raising child as her own https://t.co/vbyN5oULaN https://t.co/7WLUMDNYDH",2018-06-09 04:03:06+00:00,-0.0258,0.0,0.073,0.927,278
278,CBSNews,"The Warriors defeated LeBron James and the Cavaliers 108-85, completing a perfect 4-0 sweep https://t.co/Byn9sLKXGL https://t.co/V4KNZy4IAt",2018-06-09 03:50:00+00:00,0.1531,0.187,0.157,0.657,279
279,CBSNews,Woman missing after reported alligator attack in Florida https://t.co/GP0MEsucEt https://t.co/Bs3cVoxsSk,2018-06-09 03:48:03+00:00,-0.6486,0.0,0.398,0.602,280
280,CBSNews,"Mother, her boyfriend sentenced in boy's ""beyond animalistic"" child abuse death https://t.co/p2zYrsgywF https://t.co/rKKuaUzghZ",2018-06-09 03:33:03+00:00,-0.8481,0.0,0.479,0.521,281
281,CBSNews,"Asia Argento, girlfriend of Anthony Bourdain, ""beyond devastated"" https://t.co/e1GU9vOKPn https://t.co/RrDJwtAUm4",2018-06-09 03:18:04+00:00,-0.6124,0.0,0.308,0.692,282
282,CBSNews,Fox News' Charles Krauthammer says he has weeks to live https://t.co/jIOUmPjHSU https://t.co/jIGRsinthx,2018-06-09 03:03:08+00:00,0.0,0.0,0.0,1.0,283
283,CBSNews,Revelations of a Chinese cyberattack on a U.S. Navy contractor comes days before President Trump attends a summit w‚Ä¶ https://t.co/nJQCbqjMaP,2018-06-09 02:49:33+00:00,0.0,0.0,0.0,1.0,284
284,CBSNews,"""The future is now"": Policymakers and businesses are ill-prepared to help workers navigate the transition and adapt‚Ä¶ https://t.co/fzNPQYkxY7",2018-06-09 02:29:33+00:00,0.4019,0.137,0.0,0.863,285
285,CBSNews,"Honda slates its Super Cub, the best selling motor vehicle of all time, for a rerelease in the U.S. next year‚Ä¶ https://t.co/G24r4LbrgS",2018-06-09 02:09:30+00:00,0.8442,0.299,0.0,0.701,286
286,CBSNews,"Whichever team wins the NBA championship, President Trump says he won't be inviting them to the White House:‚Ä¶ https://t.co/1IAxkFizbd",2018-06-09 01:49:30+00:00,0.6846,0.269,0.08,0.651,287
287,CBSNews,Special counsel brings new charges against President Trump's campaign chairman Paul Manafort and a longtime associa‚Ä¶ https://t.co/Zdgogo6XPW,2018-06-09 01:29:31+00:00,0.1531,0.144,0.112,0.745,288
288,CBSNews,"""We appreciate President Trump's sentiment, but a pardon is unnecessary,"" says the lawyer for late heavyweight boxi‚Ä¶ https://t.co/kMg5ejkSoP",2018-06-09 01:09:45+00:00,0.5859,0.242,0.0,0.758,289
289,CBSNews,"The threats facing our oceans might seem like an overwhelming tsunami of problems, but there is still hope. Here ar‚Ä¶ https://t.co/pQVVMv5yCH",2018-06-09 00:49:35+00:00,0.431,0.213,0.142,0.645,290
290,CBSNews,"If you or someone you know is struggling or in crisis, you are not alone. https://t.co/OzkLuk4t2k https://t.co/6ewHgkL6mp",2018-06-09 00:29:48+00:00,-0.7319,0.077,0.305,0.618,291
291,CBSNews,Israeli troops used tear gas and live ammunition on thousands of Palestinian protestors Friday. Officials say four‚Ä¶ https://t.co/ri7jZtvdDF,2018-06-09 00:09:39+00:00,0.0,0.0,0.0,1.0,292
292,CBSNews,"Culinary war-correspondent. Back-of-house immigration advocate. Humanitarian travel writer. A breaker of molds, Ant‚Ä¶ https://t.co/bNcQCJSzwk",2018-06-08 23:49:36+00:00,0.0,0.0,0.0,1.0,293
293,CBSNews,A New York taxi medallion used to be a safe investment to park one's life savings in. Ride-share competition has le‚Ä¶ https://t.co/Rjxqi3YkMi,2018-06-08 23:29:34+00:00,0.4404,0.132,0.0,0.868,294
294,CBSNews,"He risked his life, traveling thousands of miles to cross the U.S. border, but his journey is far from over. Stream‚Ä¶ https://t.co/mu48Q6mYlv",2018-06-08 23:10:27+00:00,-0.1154,0.0,0.065,0.935,295
295,CBSNews,"RT @CBSEveningNews: A woman vanished today by a lake in south Florida
 
The chief suspect in her disappearance is a large alligator

@David‚Ä¶",2018-06-08 22:59:52+00:00,-0.296,0.0,0.104,0.896,296
296,CBSNews,An Ohio teen with cerebral palsy walked in her high school graduation to her mother's surprise and a standing ovati‚Ä¶ https://t.co/FlNZIJDPni,2018-06-08 22:55:43+00:00,0.2732,0.1,0.0,0.9,297
297,CBSNews,RT @CBSEveningNews: Celebrity chef Anthony Bourdain was found dead today in his hotel room in France -- an official said he hanged himself‚Ä¶,2018-06-08 22:44:22+00:00,-0.6486,0.0,0.163,0.837,298
298,CBSNews,An American special forces soldier was killed and four other servicemen were wounded during a multiple-day operatio‚Ä¶ https://t.co/hvcglo1SOg,2018-06-08 22:33:36+00:00,-0.4215,0.122,0.203,0.676,299
299,CBSNews,"""The Worm"" is going to Singapore; White House officials, however, have repeatedly said that former NBA star Dennis‚Ä¶ https://t.co/UM8lMGC8wG",2018-06-08 22:15:04+00:00,0.0,0.0,0.0,1.0,300
300,nytimes,"What to watch, what to read and what to listen to by and about Anthony Bourdain https://t.co/xKVpypbD5i",2018-06-09 22:36:48+00:00,0.0,0.0,0.0,1.0,301
301,nytimes,"She went out for a walk with her dogs. Then she went missing. Hours later, officials found human remains inside of‚Ä¶ https://t.co/wMhCiG236J",2018-06-09 22:20:02+00:00,-0.296,0.0,0.099,0.901,302
302,nytimes,"Justify will attempt to become the 13th Triple Crown winner, and first since American Pharoah in 2015, in the Belmo‚Ä¶ https://t.co/oSk73TTFVu",2018-06-09 22:10:05+00:00,0.5859,0.16,0.0,0.84,303
303,nytimes,"New parks are cropping up across the city, many courtesy of new apartment complexes, but you won‚Äôt need to have a p‚Ä¶ https://t.co/NW2yo2cQ4L",2018-06-09 22:00:09+00:00,0.1901,0.077,0.0,0.923,304
304,nytimes,"These sweet, lemony rolls are a fresh alternative to classic cinnamon rolls https://t.co/prmvr6p22Z",2018-06-09 21:45:04+00:00,0.6486,0.346,0.0,0.654,305
305,nytimes,"In @NYTOpinion

Sarah Jackson writes, ""Anthony Bourdain was not just curious about food and the world. He was aware‚Ä¶ https://t.co/5hEzlnvRuR",2018-06-09 21:30:11+00:00,-0.2411,0.0,0.094,0.906,306
306,nytimes,Anthony Bourdain understood that eating was simply a way of taking the world inside you https://t.co/MFUCcrSnln,2018-06-09 21:15:06+00:00,0.0,0.0,0.0,1.0,307
307,nytimes,"A salmonella outbreak has been linked to melons sold at Trader Joe's, Costco, Walgreens and other stores in 8 states https://t.co/OelPlvpK5c",2018-06-09 21:00:09+00:00,0.0,0.0,0.0,1.0,308
308,nytimes,"With American presidential races requiring an ever-dizzying amount of money, a behind-the-scenes 2020 contest is al‚Ä¶ https://t.co/tHOnZLcUXg",2018-06-09 20:45:08+00:00,0.0,0.0,0.0,1.0,309
309,nytimes,"RT @NYTNational: ‚ö°Ô∏è ‚ÄúAudio Series: ‚ÄãCharm City‚Äù

https://t.co/wY7o7Opy3u",2018-06-09 20:37:06+00:00,0.0,0.0,0.0,1.0,310
310,nytimes,"Surveillance cameras are an inescapable fixture of the modern city. But in Newark, the police have taken an extraor‚Ä¶ https://t.co/lzw2Eo7eCH",2018-06-09 20:30:05+00:00,0.0,0.0,0.0,1.0,311
311,nytimes,We demolish the lame excuses British executives gave for the lack of women on corporate boards. Read the latest Gen‚Ä¶ https://t.co/jhJiWjGPGd,2018-06-09 20:15:09+00:00,-0.6249,0.0,0.212,0.788,312
312,nytimes,"With Kyrie Irving's popularity has come controversy: He has questioned several times whether the Earth is round, an‚Ä¶ https://t.co/XuXD1Q2qPy",2018-06-09 20:00:07+00:00,0.4019,0.144,0.065,0.791,313
313,nytimes,"In @NYTOpinion 

Daniel Patterson writes, ""No matter how famous and seemingly unapproachable he became in the world‚Ä¶ https://t.co/BQnrKYPvyI",2018-06-09 19:45:02+00:00,-0.2732,0.057,0.114,0.829,314
314,nytimes,Gun ranges and gun shops in several states have declared themselves ‚ÄúMuslim-free zones.‚Äù Several Muslim gun owners‚Ä¶ https://t.co/GOwpHFkLks,2018-06-09 19:30:10+00:00,-0.7351,0.0,0.324,0.676,315
315,nytimes,"In @NYTOpinion 

Musa Okwonga writes, ""Here we are again on the eve of the planet‚Äôs greatest traveling festival: Ye‚Ä¶ https://t.co/nBxJnGwvsF",2018-06-09 19:15:07+00:00,0.8126,0.291,0.0,0.709,316
316,nytimes,Have questions about the Belmont Stakes and the Triple Crown? We have your answers. https://t.co/GPu2uPlTRV,2018-06-09 19:00:09+00:00,0.0,0.0,0.0,1.0,317
317,nytimes,‚ÄúI talk back to people when they say something about me now because I know even with my condition that I am beautif‚Ä¶ https://t.co/TJmesUhGTL,2018-06-09 18:45:05+00:00,0.0,0.0,0.0,1.0,318
318,nytimes,Science is taking a back seat in policymaking across the Trump administration. The North Korea nuclear talks offer‚Ä¶ https://t.co/hauZtxGqq5,2018-06-09 18:30:14+00:00,0.0,0.0,0.0,1.0,319
319,nytimes,"In his own unorthodox way, Trump has been preparing for this encounter with Kim Jong-Un his entire adult life https://t.co/VlXkCmqssL",2018-06-09 18:15:08+00:00,0.0,0.0,0.0,1.0,320
320,nytimes,"With his America First agenda, Trump has driven a wedge between the U.S. and its allies, ceding leadership and its‚Ä¶ https://t.co/sfyYD4o3hM",2018-06-09 18:00:05+00:00,0.0,0.0,0.0,1.0,321
321,nytimes,"RT @TheSteinLine: All the tales ‚Äî legacy, free agency, injury ‚Äî from what might (or might not) have been LeBron James‚Äô last night as a Clev‚Ä¶",2018-06-09 17:50:07+00:00,0.128,0.122,0.103,0.775,322
322,nytimes,California has dug in at the front lines of the resistance to President Trump. And then there is Orange County. https://t.co/BSVW14kSmd,2018-06-09 17:40:03+00:00,0.0,0.0,0.0,1.0,323
323,nytimes,"What to watch, what to read and what to listen to by and about Anthony Bourdain https://t.co/TR5noBS7Ee",2018-06-09 17:25:03+00:00,0.0,0.0,0.0,1.0,324
324,nytimes,"Who‚Äôs right, Elon Musk or Mark Zuckerberg? Is supersmart artificial intelligence a potential threat to humans, or a‚Ä¶ https://t.co/8zay2rbSEG",2018-06-09 17:10:03+00:00,-0.0772,0.138,0.151,0.711,325
325,nytimes,"RT @stanfordc: I‚Äôm proud to say that there has never been a swimsuit portion of the news quiz 
https://t.co/e1Z8wlhYvy https://t.co/4YJ7UrG‚Ä¶",2018-06-09 17:00:23+00:00,0.4767,0.147,0.0,0.853,326
326,nytimes,"30 billion gallons of Hawaiian lava, as seen from the ground and space https://t.co/vz9qQOCYS9",2018-06-09 16:45:09+00:00,0.0,0.0,0.0,1.0,327
327,nytimes,She wanted to celebrate their marriage in lavish style. He had something less lofty in mind. A lovers‚Äô battle ensue‚Ä¶ https://t.co/RnvIaxRtRP,2018-06-09 16:30:07+00:00,0.2732,0.152,0.107,0.741,328
328,nytimes,"Anthony Bourdain's sudden death at Le Chambard, a hotel in the village of Kaysersberg in northeastern France, sent‚Ä¶ https://t.co/V5gRoZKGQN",2018-06-09 16:15:02+00:00,-0.5994,0.0,0.187,0.813,329
329,nytimes,"@jimdwyernyt ""The supply of excellent schools cannot meet the demands of capable students, whatever their backgroun‚Ä¶ https://t.co/KF39XvdUjJ",2018-06-09 16:01:00+00:00,0.743,0.296,0.0,0.704,330
330,nytimes,"@jimdwyernyt The specialized schools are far from bastions of privilege, dominated by immigrants or the children of‚Ä¶ https://t.co/DWOoiPghSz",2018-06-09 15:58:00+00:00,0.3612,0.128,0.0,0.872,331
331,nytimes,"In New York‚Äôs ragged history of race, class, privilege and equity, the city‚Äôs specialized high schools have long be‚Ä¶ https://t.co/HL2yw2JmHz",2018-06-09 15:55:03+00:00,0.3612,0.116,0.0,0.884,332
332,nytimes,Breaking News: President Trump threatened to end trade with G-7 nations that he said use unfair practices. ‚ÄúWe‚Äôre l‚Ä¶ https://t.co/uI5rOmZ76O,2018-06-09 15:41:58+00:00,-0.7269,0.0,0.253,0.747,333
333,nytimes,"Flaky mounds of quick bread, golden brown, with a significant crumb https://t.co/wbMRgvySpY",2018-06-09 15:32:50+00:00,0.2023,0.153,0.0,0.847,334
334,nytimes,Breaking News: Simona Halep of Romania beat Sloane Stephens to win the French Open. It was the first Grand Slam tit‚Ä¶ https://t.co/3sFwWkJ353,2018-06-09 15:16:31+00:00,0.6369,0.239,0.092,0.669,335
335,nytimes,Her $1 million gift left educators asking: How was one teacher able to save so much money?https://t.co/Vv8fhgbwWA,2018-06-09 15:05:06+00:00,0.7269,0.289,0.0,0.711,336
336,nytimes,"If you or someone else you know is having thoughts of suicide, call the National Suicide Prevention Lifeline at 1-8‚Ä¶ https://t.co/5kOUYV8c3u",2018-06-09 14:51:21+00:00,-0.875,0.0,0.321,0.679,337
337,nytimes,New federal data shows that suicide rates have been increasing for years in almost every state and across demograph‚Ä¶ https://t.co/g6znmjYQl5,2018-06-09 14:50:03+00:00,-0.6705,0.0,0.191,0.809,338
338,nytimes,"After failing to repeal the Affordable Care Act, the Trump administration is seizing on a different strategy for di‚Ä¶ https://t.co/Low8zwBsVL",2018-06-09 14:37:50+00:00,-0.0258,0.136,0.14,0.723,339
339,nytimes,"Our experts weighed in on the contenders, including the Triple Crown hopeful Justify, for the 150th Belmont Stakes https://t.co/xi9TIoAxWb",2018-06-09 14:36:39+00:00,0.5106,0.155,0.0,0.845,340
340,nytimes,"RT @NYTMetro: ‚ÄúThis is the deportation machine in full effect, and everyone should wake up to how American citizens and their families are‚Ä¶",2018-06-09 14:20:07+00:00,0.0,0.0,0.0,1.0,341
341,nytimes,"RT @caityweaver: The strangest and best recommendation I will ever make to you is: Listen to the same 4 podcast appearances by ""Sex and the‚Ä¶",2018-06-09 14:02:25+00:00,0.6369,0.16,0.0,0.84,342
342,nytimes,Pope Tells Oil Executives to Act on Climate: ‚ÄòThere Is No Time to Lose‚Äô https://t.co/jpXdOMmBOf,2018-06-09 13:43:12+00:00,-0.296,0.0,0.136,0.864,343
343,nytimes,Elizabeth Warren and a Scholarly Debate Over Medical Bankruptcy That Won‚Äôt Go Away https://t.co/mbz6wvuSUO,2018-06-09 13:38:05+00:00,0.0,0.0,0.0,1.0,344
344,nytimes,RT @NYTStyles: Parties! https://t.co/MdgG2e1xjI,2018-06-09 13:26:45+00:00,0.4574,0.499,0.0,0.501,345
345,nytimes,"RT @nytimesbusiness: ""Wealth was about being able to create the change you wish to see in the world.‚Äù https://t.co/KoQCO5Iy1y",2018-06-09 13:06:58+00:00,0.7906,0.333,0.0,0.667,346
346,nytimes,An exhibition in London examines the feelings people harbor about their teeth. Here's a look at some of the most cu‚Ä¶ https://t.co/KRz76xwrXq,2018-06-09 12:50:47+00:00,0.0,0.0,0.0,1.0,347
347,nytimes,RT @NYTSports: Need a winner for the Belmont Stakes? @MHoppertNYT and @joedrape have you covered: https://t.co/44joWHhuTm,2018-06-09 12:33:02+00:00,0.5859,0.213,0.0,0.787,348
348,nytimes,Why Cities Can‚Äôt Stop Poaching From One Another https://t.co/X1SeTjbqKs,2018-06-09 12:32:42+00:00,-0.296,0.0,0.216,0.784,349
349,nytimes,RT @nytimesworld: Austrian officials have ordered seven mosques to close and may refuse dozens of imams the right to reside in the country‚Ä¶,2018-06-09 12:17:32+00:00,-0.296,0.0,0.091,0.909,350
350,nytimes,RT @nytrealestate: A quick guide to what you need to get your first apartment in New York City https://t.co/NQYV03Xkyn,2018-06-09 12:00:08+00:00,0.0,0.0,0.0,1.0,351
351,nytimes,Men‚Äôs Fashion Week Loses Some Luster https://t.co/TCj0nbeFMj,2018-06-09 11:49:08+00:00,-0.3182,0.0,0.277,0.723,352
352,nytimes,"Inside New York‚Äôs dollar van wars: strict regulations, low margins and a constant fight with rogue van drivers https://t.co/kiAEpdxkgV",2018-06-09 11:41:16+00:00,-0.8074,0.0,0.356,0.644,353
353,nytimes,"RT @NYTMetro: On the stoop that was his perch, a requiem for the mayor of West 83rd Street, in Manhattan. https://t.co/qRN1VlPo1t",2018-06-09 11:23:34+00:00,0.0,0.0,0.0,1.0,354
354,nytimes,"Charlotte Fox, 61, Trailblazing Alpinist and Everest Survivor, Dies https://t.co/nM5gpQdLhB",2018-06-09 11:07:18+00:00,0.3612,0.217,0.0,0.783,355
355,nytimes,A Good Appetite: Chicken Milanese Has Its Moment https://t.co/Rhco2hq6mS,2018-06-09 11:05:12+00:00,0.4404,0.293,0.0,0.707,356
356,nytimes,The New York Times obituary for Anthony Bourdain https://t.co/D697EnEWQX,2018-06-09 11:03:06+00:00,0.0,0.0,0.0,1.0,357
357,nytimes,RT @NYTmag: 24 hours. 23 photographers. One city. One topic: Love. Watch the making of this issue https://t.co/s2uND5xgVs and see the full‚Ä¶,2018-06-09 10:35:35+00:00,0.6369,0.167,0.0,0.833,358
358,nytimes,The recent volcanic eruptions in Hawaii and Guatemala are a reminder that not all volcanoes are created equal https://t.co/M7sNdtwIzJ,2018-06-09 10:18:25+00:00,0.25,0.105,0.0,0.895,359
359,nytimes,"For the 3rd time in 4 seasons, and for the 2nd year in a row, the Golden State Warriors are NBA champions https://t.co/r7NgjH0nbf",2018-06-09 10:00:17+00:00,0.5267,0.145,0.0,0.855,360
360,nytimes,"RT @nytimestech: The Chinese electronics maker ZTE has survived its brush with death. Now, it has to figure out how to stay in business. He‚Ä¶",2018-06-09 09:41:41+00:00,-0.1531,0.109,0.129,0.762,361
361,nytimes,"RT @nytrealestate: You may like the contractor, but does the contractor like you back? https://t.co/kPShW4JONu",2018-06-09 09:24:47+00:00,0.6124,0.278,0.0,0.722,362
362,nytimes,"RT @NYTmag: On a rainy Saturday morning on May 19, @philip_nyc captured love in the middle of Times Square. See more from our #NYTLoveCity‚Ä¶",2018-06-09 09:07:20+00:00,0.5994,0.158,0.049,0.792,363
363,nytimes,How I Used Art to Get Through Trauma https://t.co/7N5fzAxLoe,2018-06-09 08:50:10+00:00,-0.4215,0.0,0.286,0.714,364
364,nytimes,"The NYT review of ""Ocean's 8"" https://t.co/flFaRzpyzr",2018-06-09 08:42:33+00:00,0.0,0.0,0.0,1.0,365
365,nytimes,She‚Äôs photographed Broadway for years. Now Broadway is honoring her. https://t.co/eI7sfheNWI,2018-06-09 08:26:14+00:00,0.5106,0.248,0.0,0.752,366
366,nytimes,The killing in Germany comes on top of a deepening scandal and calls for a full-blown parliamentary investigation o‚Ä¶ https://t.co/0p5qfKyP2V,2018-06-09 08:09:03+00:00,-0.7579,0.075,0.303,0.622,367
367,nytimes,"RT @nytimesworld: More than 140 miles away and three decades after the Chernobyl disaster, some cows still make radioactive milk https://t.‚Ä¶",2018-06-09 07:42:08+00:00,-0.6249,0.0,0.17,0.83,368
368,nytimes,RT @nytopinion: This weekend we are sharing some pieces on music. Think of it as a little inspiration to appreciate the soundtrack of your‚Ä¶,2018-06-09 07:25:53+00:00,0.8097,0.294,0.0,0.706,369
369,nytimes,"RT @nytimesbusiness: HBO is making a pilot for one of the five ""Game of Thrones"" prequels it has in development https://t.co/EMeqQvEdHQ",2018-06-09 07:09:23+00:00,0.0,0.0,0.0,1.0,370
370,nytimes,"Taliban Announce Brief Cease-Fire, Offering Afghans Hope for Lull in War https://t.co/IlMkkFHSCM",2018-06-09 06:52:51+00:00,-0.25,0.173,0.232,0.595,371
371,nytimes,"RT @NYTMetro: Underneath the umbrella: a fascinating photo portfolio of the lifeguards of Jones Beach, in all their stoic, bored, heroic gl‚Ä¶",2018-06-09 06:41:20+00:00,0.7184,0.261,0.077,0.662,372
372,nytimes,"China‚Äôs ZTE‚Äî a little-known electronics maker‚Äî became an unlikely political football, then an even unlikelier objec‚Ä¶ https://t.co/APxvWFepXB",2018-06-09 06:24:54+00:00,0.0,0.0,0.0,1.0,373
373,nytimes,"Andrew Rannells: ""I didn't feel jealous; I felt driven. I wanted to be one of those people on the Tonys."" https://t.co/i3LX0WgQBb",2018-06-09 06:06:12+00:00,0.357,0.121,0.0,0.879,374
374,nytimes,Here's who we think will win the Tonys (and who should) https://t.co/ZlqqPQRtvt,2018-06-09 05:50:04+00:00,0.5859,0.257,0.0,0.743,375
375,nytimes,Justice Dept. Requests Delay if DACA Injunction Is Issued https://t.co/HB7h98gENy,2018-06-09 05:35:00+00:00,0.2732,0.248,0.168,0.584,376
376,nytimes,"RT @nytpolitics: The president said that Melania Trump ‚Äúwanted to go‚Äù with him to the Group of 7 summit meeting in Quebec, but was staying‚Ä¶",2018-06-09 05:32:30+00:00,0.0,0.0,0.0,1.0,377
377,nytimes,"50 years after his death, friends, aides and journalists recall Robert F. Kennedy's last campaign in California, hi‚Ä¶ https://t.co/bAveWEnYW5",2018-06-09 05:00:08+00:00,-0.2023,0.129,0.163,0.708,378
378,nytimes,"In Canada, many observers were calling it the ""G-6 plus 1"" ‚Äî with President Trump being cast as the irrational, ira‚Ä¶ https://t.co/AUbzhnVmGY",2018-06-09 04:45:03+00:00,-0.34,0.0,0.107,0.893,379
379,nytimes,"RT @kenvogel: MANAFORT paid KONSTANTIN KILIMNIK $531k in 2013 &amp; 2014, according to lobbying records, but that covers only a fraction of the‚Ä¶",2018-06-09 04:30:05+00:00,-0.0387,0.0,0.052,0.948,380
380,nytimes,What should you do when a loved one is severely depressed? Don‚Äôt underestimate the power of showing up. https://t.co/yqRyXmSWiM,2018-06-09 04:15:04+00:00,-0.5574,0.148,0.322,0.53,381
381,nytimes,"""This should be a grave concern to anyone who cares about an informed citizenry,"" said Eileen Murphy, a spokeswoman‚Ä¶ https://t.co/iwMg5Ng7tl",2018-06-09 04:06:01+00:00,0.1027,0.139,0.12,0.741,382
382,nytimes,RT @NYTSports: Kevin Durant has been named the MVP of the NBA finals for the second straight year. https://t.co/xSARJQ5MlN,2018-06-09 04:01:40+00:00,0.2263,0.095,0.0,0.905,383
383,nytimes,The U.S. just beat out China to develop the world‚Äôs fastest supercomputer. You‚Äôd need 6.3 billion years to match wh‚Ä¶ https://t.co/DMGoDUacwv,2018-06-09 03:54:22+00:00,0.0,0.0,0.0,1.0,384
384,nytimes,"RT @SopanDeb: **NEW**: In a lengthy (and remarkable) interview with Kyrie Irving, he repeatedly questioned whether the Earth is flat or rou‚Ä¶",2018-06-09 03:40:03+00:00,-0.1027,0.0,0.065,0.935,385
385,nytimes,"Breaking News: The Golden State Warriors have won their third N.B.A. title in four years, sweeping LeBron James and‚Ä¶ https://t.co/jbvTIZsZrD",2018-06-09 03:29:11+00:00,0.5719,0.163,0.0,0.837,386
386,nytimes,"At a moment of tumult over trade and nuclear security, President Trump is making friends with America‚Äôs enemies and‚Ä¶ https://t.co/JtgvrhRvJ6",2018-06-09 03:26:27+00:00,0.3182,0.223,0.13,0.648,387
387,nytimes,"Discover an ""irony free zone where everything is beautiful and nothing hurts.""

What to watch, what to read and wha‚Ä¶ https://t.co/gMtAyyRjDD",2018-06-09 02:55:05+00:00,0.7906,0.273,0.045,0.682,388
388,nytimes,President Trump suggested the Group of 7 nations reinstate Russia 4 years after it was cast out for annexing Crimea https://t.co/ZQQDfGp5GN,2018-06-09 02:36:05+00:00,0.0,0.0,0.0,1.0,389
389,nytimes,"RT @nytopinion: Anthony Bourdain exhorted us to open our eyes -- and our guts -- to the wondrous smorgasbord of life, and to savor every la‚Ä¶",2018-06-09 02:24:01+00:00,0.0,0.0,0.0,1.0,390
390,nytimes,"Modern Love: ""I had found a strange liberation in submitting to Dan, but it was only a first step. I wanted the dom‚Ä¶ https://t.co/WHIRIHGpqQ",2018-06-09 02:08:01+00:00,0.296,0.113,0.061,0.826,391
391,nytimes,"During this season‚Äôs playoffs, LeBron James has accounted for nearly a third of the box-score statistics for the Ca‚Ä¶ https://t.co/bugUyF7TK4",2018-06-09 01:56:23+00:00,0.0,0.0,0.0,1.0,392
392,nytimes,No one in the NBA has come close to LeBron James's share of a team‚Äôs production for over 40 years https://t.co/YqE8zZiiWg,2018-06-09 01:53:49+00:00,0.0,0.098,0.098,0.804,393
393,nytimes,Kyrie Irving Doesn‚Äôt Know if the Earth Is Round or Flat. He Does Want to Discuss It. https://t.co/1ET48Grban,2018-06-09 01:49:04+00:00,0.0772,0.071,0.0,0.929,394
394,nytimes,"LIVE: The Golden State Warriors vs. the Cleveland Cavaliers 

Game 4 updates and analysis https://t.co/3DmQOo5lNw",2018-06-09 01:34:11+00:00,0.0,0.0,0.0,1.0,395
395,nytimes,"Opinion: If There‚Äôs a Red Wave Election in 2018, This Will Be Why https://t.co/B0Nmgi1kdN",2018-06-09 01:23:06+00:00,0.0,0.0,0.0,1.0,396
396,nytimes,Opinion: Anthony Bourdain Was the Kind of ‚ÄòBad Boy‚Äô We Need More Of https://t.co/S8JhWFX9Jw,2018-06-09 01:04:27+00:00,0.0,0.0,0.0,1.0,397
397,nytimes,Trump‚Äôs New Plan to Dismantle Obamacare Comes With Political Risks https://t.co/Ju2Fw08xUY,2018-06-09 00:50:49+00:00,-0.2732,0.0,0.174,0.826,398
398,nytimes,Press Groups Criticize the Seizing of a Times Reporter‚Äôs Records https://t.co/Sqp3BXEBVB,2018-06-09 00:36:17+00:00,-0.3818,0.0,0.224,0.776,399
399,nytimes,"RT @nytfood: ""Anthony Bourdain entered the literary stage with an inside tip, delivered in the gruff whisper of a racetrack tout: Don‚Äôt ord‚Ä¶",2018-06-09 00:25:28+00:00,-0.128,0.0,0.067,0.933,400
400,FoxNews,Taliban announce cease-fire over Eid holiday for 1st time https://t.co/LCHkJcQMW3,2018-06-09 22:48:34+00:00,0.4019,0.231,0.0,0.769,401
401,FoxNews,".@VP on Otto Warmbier: ""Today I assured his dad as [@POTUS] said two days ago, their beloved son Otto Warmbier will‚Ä¶ https://t.co/ZWPmRWK0Fj",2018-06-09 22:38:46+00:00,0.7003,0.234,0.0,0.766,402
402,FoxNews,".@VP on North Korea summit: ""So America, let's pray for [@POTUS] and let's pray for peace for the Korean people and‚Ä¶ https://t.co/ODJl1K4kfh",2018-06-09 22:37:22+00:00,0.8238,0.312,0.0,0.688,403
403,FoxNews,".@VP on North Korea summit: ""We will not repeat the mistakes of the past."" https://t.co/vkdzKjHLD1",2018-06-09 22:35:24+00:00,0.2755,0.131,0.0,0.869,404
404,FoxNews,".@VP: ""As President @realDonaldTrump embarks on this historic quest for peace, I can assure you that he also goes w‚Ä¶ https://t.co/0kzlNxMy53",2018-06-09 22:33:28+00:00,0.7096,0.247,0.0,0.753,405
405,FoxNews,".@VP on Singapore summit: ""After years of failed policies and broken promises last year, President @realDonaldTrump‚Ä¶ https://t.co/M1kPHystbo",2018-06-09 22:31:23+00:00,-0.5859,0.113,0.278,0.609,406
406,FoxNews,".@VP on North Korea summit: ""Our president is going into this summit with his eyes wide open."" https://t.co/wOy8M4d88p",2018-06-09 22:31:09+00:00,0.0,0.0,0.0,1.0,407
407,FoxNews,".@VP on North Korea summit: ""The truth is, [@realDonaldTrump] has been preparing for this his whole life."" https://t.co/xe4EOjiKsK",2018-06-09 22:29:49+00:00,0.3182,0.119,0.0,0.881,408
408,FoxNews,".@VP: ""[@POTUS] spent the last two days at the G7 summit in Canada putting America first."" https://t.co/tWO4i7PqEx",2018-06-09 22:25:05+00:00,0.0,0.0,0.0,1.0,409
409,FoxNews,".@VP: ""I want to begin tonight by bringing greetings from a leader who's been delivering every day on his promise t‚Ä¶ https://t.co/czUfsg6Edj",2018-06-09 22:22:26+00:00,0.6597,0.262,0.0,0.738,410
410,FoxNews,".@VP Mike Pence delivers keynote remarks at the close of the 2018 Faith &amp; Freedom Coalition ""Road to Majority."" https://t.co/JWcCBVCjx1",2018-06-09 22:15:04+00:00,0.7906,0.28,0.0,0.72,411
411,FoxNews,"TOMORROW: Don't miss a brand new ""Life, Liberty, &amp; Levin"" with @marklevinshow - Tune in at 10p ET on Fox News Chann‚Ä¶ https://t.co/JloyPLb79c",2018-06-09 22:12:00+00:00,0.5919,0.203,0.0,0.797,412
412,FoxNews,"SeaWorld getting rid of plastic straws, plastic bags at all US parks https://t.co/o5sCVFney1",2018-06-09 22:09:43+00:00,0.0,0.0,0.0,1.0,413
413,FoxNews,".@RCamposDuffy: ""Republicans and especially Republican women and Republican or conservative minorities have always‚Ä¶ https://t.co/D6p9iIR1QB",2018-06-09 22:05:43+00:00,0.0,0.0,0.0,1.0,414
414,FoxNews,"Lou Holtz on @Eagles controversy: ""The locker room belongs to the players of the @NFL. They can say anything they w‚Ä¶ https://t.co/n3NNBJA2O7",2018-06-09 21:59:10+00:00,0.0,0.0,0.0,1.0,415
415,FoxNews,".@POTUS: ""The power to pardon is a beautiful thing. You got to get it right, you got to get the right people.""‚Ä¶ https://t.co/kJoxSdfmxm",2018-06-09 21:48:00+00:00,0.7351,0.237,0.0,0.763,416
416,FoxNews,OPINION: There's just one way to marry the right person (and anyone can do it) https://t.co/yqcYBoKZ8w,2018-06-09 21:41:00+00:00,0.0,0.0,0.0,1.0,417
417,FoxNews,".@Mark_Penn on the Mueller probe: ""I think our Constitution is being stepped on."" https://t.co/WU779vQZHl",2018-06-09 21:39:41+00:00,0.0,0.0,0.0,1.0,418
418,FoxNews,"Belmont Stakes' Triple Crown contender, start time, odds and everything else about the horse race https://t.co/6SDuqSRpPJ",2018-06-09 21:35:06+00:00,0.128,0.091,0.0,0.909,419
419,FoxNews,".@POTUS: ""The U.S. press is very dishonest, much of it, not all of it."" https://t.co/wRY77Xrqxz",2018-06-09 21:32:10+00:00,-0.6115,0.0,0.222,0.778,420
420,FoxNews,U.S. Markets - So far this year. https://t.co/dXBWkXeAc2,2018-06-09 21:28:31+00:00,0.0,0.0,0.0,1.0,421
421,FoxNews,.@SteveHiltonx: Trump‚Äôs criticism of G-7 is ‚Äòunprecedented‚Äô scream the elite -- That‚Äôs the whole point of Trump! https://t.co/ZwoJG4yXGb,2018-06-09 21:17:59+00:00,-0.7088,0.0,0.269,0.731,422
422,FoxNews,President @realDonaldTrump is on his way to Singapore for a historic meeting with North Korean leader Kim Jong Un.‚Ä¶ https://t.co/f5vz9YYXXE,2018-06-09 21:11:20+00:00,0.0,0.0,0.0,1.0,423
423,FoxNews,"Florida woman's body found after gator attack, officials say https://t.co/5zyQqG9a32",2018-06-09 21:03:40+00:00,-0.4767,0.0,0.256,0.744,424
424,FoxNews,".@kayleighmcenany: ""Where are the feminists, also, I want to ask - where are the Elizabeth Warrens, where are the H‚Ä¶ https://t.co/6cSwtVG0OG",2018-06-09 20:58:00+00:00,0.0772,0.067,0.0,0.933,425
425,FoxNews,"President @realDonaldTrump promises ""America First"" throughout 2016. https://t.co/loUFH6m9i3",2018-06-09 20:53:00+00:00,0.3818,0.271,0.0,0.729,426
426,FoxNews,German Chancellor Angela Merkel speaks with President @realDonaldTrump during proceedings on the sidelines of the o‚Ä¶ https://t.co/3ObHBAyhun,2018-06-09 20:49:26+00:00,0.0,0.0,0.0,1.0,427
427,FoxNews,"Moments ago, President @realDonaldTrump praised the prime minister of Italy, @GiuseppeConteIT. https://t.co/xR842BvOcu",2018-06-09 20:47:39+00:00,0.4939,0.225,0.0,0.775,428
428,FoxNews,".@conservmillen on G7 summit: ""Our GDP is bigger than all of theirs combined and they do need us more than we need‚Ä¶ https://t.co/6zOc7YyliG",2018-06-09 20:43:46+00:00,0.0,0.0,0.0,1.0,429
429,FoxNews,".@kayleighmcenany: ""@FLOTUS has the trust and the love of the American people - she has a 57% approval rating. Mean‚Ä¶ https://t.co/hoWeWMNEQX",2018-06-09 20:42:54+00:00,0.891,0.398,0.0,0.602,430
430,FoxNews,Trump says US is like a 'piggy bank that everybody is robbing' on trade https://t.co/PK8qw7lxvW,2018-06-09 20:35:30+00:00,0.3612,0.161,0.0,0.839,431
431,FoxNews,RT @EricShawnTV: I anchor @FoxNews starting at 5 pm EDT with @ArthelNeville: What @POTUS @realDonaldTrump should say to Kim Jong-un. @MIT's‚Ä¶,2018-06-09 20:34:17+00:00,0.0,0.0,0.0,1.0,432
432,FoxNews,Eunice Gayson first-ever Bond Girl dead at 90 https://t.co/BzfcRHNxu8,2018-06-09 20:12:00+00:00,-0.6486,0.0,0.35,0.65,433
433,FoxNews,"At his press briefing today, President @realDonaldTrump slammed his presidential predecessor for ""allow[ing] Russia‚Ä¶ https://t.co/BpMwYh65k5",2018-06-09 20:07:00+00:00,0.0,0.0,0.0,1.0,434
434,FoxNews,OPINION: Newest Mars discovery tells us something miraculous about Earth https://t.co/mcATE1PRIl,2018-06-09 20:01:00+00:00,0.0,0.0,0.0,1.0,435
435,FoxNews,.@realDonaldTrump doubles down on calls to include Russia in G-7: 'We're not looking to play games' https://t.co/nob4MbUZWM,2018-06-09 19:55:00+00:00,-0.2584,0.0,0.113,0.887,436
436,FoxNews,.@seanhannity Praises Trump's Tough NoKo Action After 'Weak and Feckless' Obama Leadership   https://t.co/Q2Uj18acfS,2018-06-09 19:49:00+00:00,0.0,0.191,0.247,0.562,437
437,FoxNews,Veteran claims his stolen Facebook photos were used to catfish 30 women during deployment https://t.co/YAuENcd5SL,2018-06-09 19:42:46+00:00,-0.4939,0.0,0.186,0.814,438
438,FoxNews,".@marykissel: ""A success in Singapore would be to get the [Kim] regime to commit to complete, irreversible and veri‚Ä¶ https://t.co/R3KDjQXhmU",2018-06-09 19:37:46+00:00,0.6249,0.239,0.073,0.688,439
439,FoxNews,SUNDAY: Don‚Äôt miss @FoxNewsSunday from Singapore ahead of President @realDonaldTrump‚Äôs historic meeting with North‚Ä¶ https://t.co/tyhBYdJ4jm,2018-06-09 19:29:00+00:00,-0.1531,0.0,0.103,0.897,440
440,FoxNews,"David Rivkin on @POTUS' power to self pardon: ""To say the president is above the law begs the question of what the‚Ä¶ https://t.co/mgJPUNXWcz",2018-06-09 19:21:16+00:00,0.3182,0.095,0.0,0.905,441
441,FoxNews,".@POTUS: ""I do have an absolute right to pardon myself, but I'll never have to do it because I didn't do anything w‚Ä¶ https://t.co/bOUqiZ0R50",2018-06-09 19:16:27+00:00,0.1655,0.07,0.0,0.93,442
442,FoxNews,Holocaust survivor who consoled Anne Frank dies https://t.co/mw0VdtPNgI,2018-06-09 19:10:00+00:00,0.3612,0.263,0.0,0.737,443
443,FoxNews,".@SeanHannity: ""President @BarackObama left Trump with unfettered international disaster after disaster."" #Hannity https://t.co/0lJuEwysLF",2018-06-09 19:02:20+00:00,-0.6249,0.0,0.255,0.745,444
444,FoxNews,Republicans may have won the optics war on Congress' summer recess fight https://t.co/b1wIL2Onb0,2018-06-09 18:56:32+00:00,-0.4215,0.183,0.322,0.495,445
445,FoxNews,"President @realDonaldTrump: ""Who are you with out of curiosity?""

Reporter: ""CNN.""

@POTUS: ""I figured - Fake News‚Ä¶ https://t.co/yXZpAqd07M",2018-06-09 18:46:34+00:00,-0.4767,0.0,0.162,0.838,446
446,FoxNews,"'Jersey Shore' star Mike 'The Situation' Sorrentino will face tax evasion sentencing this fall
https://t.co/Hnfrd4ZLLb",2018-06-09 18:39:20+00:00,-0.1531,0.0,0.103,0.897,447
447,FoxNews,"At his press briefing, President @realDonaldTrump said that the U.S. would no longer be a piggy bank robbed by othe‚Ä¶ https://t.co/WAwm8Fld4P",2018-06-09 18:36:00+00:00,-0.296,0.0,0.104,0.896,448
448,FoxNews,Trump says US is like a 'piggy bank that everybody is robbing' on trade https://t.co/iAdue9Nmav https://t.co/ew7uxi8JFW,2018-06-09 18:34:04+00:00,0.3612,0.152,0.0,0.848,449
449,FoxNews,Texas border patrol agents find 6 illegal immigrants trapped inside cabinets https://t.co/r5ANi7t94m,2018-06-09 18:27:42+00:00,-0.7906,0.0,0.438,0.562,450
450,FoxNews,SUNDAY: @BretBaier is live in Singapore ahead of President @realDonaldTrump‚Äôs historic summit with North Korean lea‚Ä¶ https://t.co/Z9gEu1Zqo2,2018-06-09 18:20:08+00:00,0.0,0.0,0.0,1.0,451
451,FoxNews,".@RepMcSally: ""@POTUS has made it clear that we will not tolerate them having a nuclear weapon that can hold a U.S.‚Ä¶ https://t.co/Z9kwm68cBa",2018-06-09 18:19:00+00:00,0.1027,0.114,0.096,0.789,452
452,FoxNews,".@GrecianFormula on NK summit: ""My fear here is, I do not want [@POTUS] to give Kim Jong Un that handshake that wil‚Ä¶ https://t.co/2BcF4gR3s9",2018-06-09 18:16:48+00:00,-0.5302,0.0,0.181,0.819,453
453,FoxNews,.@MittRomney predicts a @realDonaldTrump win in 2020. https://t.co/FtXsikIvlB https://t.co/W2EHQ9eAw5,2018-06-09 18:14:09+00:00,0.5859,0.352,0.0,0.648,454
454,FoxNews,"Florida Revokes Hundreds of Gun Permits After Background Check Error
https://t.co/4RteHthrjk",2018-06-09 18:03:13+00:00,-0.6249,0.0,0.362,0.638,455
455,FoxNews,"On @foxandfriends, @RCamposDuffy praised @FLOTUS Melania Trump in the wake of constant media scrutiny.‚Ä¶ https://t.co/t4wxgWO0Qz",2018-06-09 17:58:00+00:00,0.4939,0.186,0.0,0.814,456
456,FoxNews,".@kimguilfoyle on NK summit: ""With somebody like @POTUS who thinks out of the box...everything is on the table [unt‚Ä¶ https://t.co/uFk6mAOEmC",2018-06-09 17:55:11+00:00,0.3612,0.116,0.0,0.884,457
457,FoxNews,"Mike Kerrigan: I thought I had enough friends, then a stranger did this on my flight home https://t.co/xZNBnn26ZS",2018-06-09 17:46:52+00:00,0.4767,0.181,0.0,0.819,458
458,FoxNews,.@replouiegohmert Slams Russia Probe Spending: Mueller Has 'Absolutely Blown Taxpayer Dollars' https://t.co/Xe5BeKp6Cd,2018-06-09 17:36:01+00:00,0.0,0.0,0.0,1.0,459
459,FoxNews,Love and leaks: Wolfe-Watkins latest couple to draw scrutiny for loose lips and tips https://t.co/E3h48prv3z,2018-06-09 17:30:45+00:00,0.4404,0.215,0.118,0.667,460
460,FoxNews,Fox News Poll: Will North Korea give up nukes? https://t.co/3x4UVwUihL,2018-06-09 17:26:00+00:00,0.0,0.0,0.0,1.0,461
461,FoxNews,Border arrests spike. https://t.co/bxJVEDbIZi https://t.co/cGj9ea65Ui,2018-06-09 17:25:26+00:00,-0.4404,0.0,0.42,0.58,462
462,FoxNews,".@TheRealJohnHCox: ""@GavinNewsom is Exhibit A in craven politicians."" https://t.co/b6mIxZLEPQ",2018-06-09 17:21:21+00:00,0.0,0.0,0.0,1.0,463
463,FoxNews,Fox News Poll: Should @POTUS meet with North Korean leader Kim Jong Un? https://t.co/9QBv5OO5bg,2018-06-09 17:15:07+00:00,0.0,0.0,0.0,1.0,464
464,FoxNews,".@RCamposDuffy: ""Republicans and especially Republican women and Republican or conservative minorities have always‚Ä¶ https://t.co/TcO81nMnJ7",2018-06-09 17:06:05+00:00,0.0,0.0,0.0,1.0,465
465,FoxNews,Home Depot employee in Florida allegedly attacked by shopper's pet spider monkey https://t.co/gvqJD9UaOB,2018-06-09 17:04:03+00:00,-0.4588,0.0,0.2,0.8,466
466,FoxNews,"ABC apologizes for controversial ‚ÄòQuantico‚Äô episode, defends star Priyanka Chopra https://t.co/4sh2B6JvhK",2018-06-09 17:01:29+00:00,0.1779,0.188,0.135,0.677,467
467,FoxNews,".@replouiegohmert: ""Robert Mueller has done more damage during his 12 years as FBI Director than... probably all th‚Ä¶ https://t.co/eZePn5ltKz",2018-06-09 16:55:48+00:00,-0.5413,0.0,0.163,0.837,468
468,FoxNews,".@RealDeanCain: ""I stand for the anthem. I would never kneel for the anthem."" https://t.co/XIXO0UeJmR",2018-06-09 16:55:00+00:00,0.0,0.0,0.0,1.0,469
469,FoxNews,Do you agree with @SenSanders? https://t.co/jixhab3nlt,2018-06-09 16:49:31+00:00,0.3612,0.333,0.0,0.667,470
470,FoxNews,"MONDAY: Don‚Äôt miss three hours of ‚ÄòAmerica‚Äôs Newsroom‚Äô with @BillHemmer and @SandraSmithFox, starting at 9a ET on F‚Ä¶ https://t.co/A0OfAH4QPo",2018-06-09 16:39:04+00:00,-0.1531,0.0,0.082,0.918,471
471,FoxNews,"1,000 illegal immigrants bused to California federal prison for detention https://t.co/B3t12CUk1m",2018-06-09 16:34:08+00:00,-0.8555,0.0,0.54,0.46,472
472,FoxNews,"'Bring on the Recession': @billmaher 'Hoping' for Economic Crash to Oust Trump
https://t.co/fj8Q3obYkM",2018-06-09 16:30:20+00:00,-0.4019,0.0,0.184,0.816,473
473,FoxNews,Fox News Poll: 52% approve of President @realDonaldTrump's handling of the economy. https://t.co/qZrQ8Q503M https://t.co/mYX34Kjnhb,2018-06-09 16:21:00+00:00,0.0,0.0,0.0,1.0,474
474,FoxNews,"TSA searches 96-year-old woman in wheelchair in viral video, sparking outrage https://t.co/DP91w0qI1n",2018-06-09 16:16:30+00:00,-0.5106,0.0,0.231,0.769,475
475,FoxNews,".@Lavarbigballer: ""If [@POTUS] invited me to his house, I would be like, 'Nah, man.' I'm not even going to invite h‚Ä¶ https://t.co/BM4it6Nf6i",2018-06-09 16:05:09+00:00,0.4767,0.177,0.0,0.823,476
476,FoxNews,.@billclinton defends @alfranken. https://t.co/L3DVQREUWO,2018-06-09 16:02:00+00:00,0.0,0.0,0.0,1.0,477
477,FoxNews,Virginia wildlife center takes in 2 black bear cubs after mother is killed by homeowner https://t.co/HxTW1LfisF,2018-06-09 15:57:51+00:00,-0.6705,0.0,0.243,0.757,478
478,FoxNews,"Reporter: ""Do you think Crimea should be recognized as Russia at this point?""

.@POTUS: ""You'd have to ask Presiden‚Ä¶ https://t.co/F8G13HW2im",2018-06-09 15:56:56+00:00,0.0,0.0,0.0,1.0,479
479,FoxNews,Happening Now: @POTUS heads to Singapore for historic summit with North Korean leader Kim Jong Un. https://t.co/9pkRpmQhvs,2018-06-09 15:54:17+00:00,0.0,0.0,0.0,1.0,480
480,FoxNews,.@realDonaldTrump and Kim Jong Un impersonators arrive in Singapore. https://t.co/cQbfqorKAn,2018-06-09 15:53:08+00:00,0.0,0.0,0.0,1.0,481
481,FoxNews,SOON: @POTUS leaves Canada en route to North Korea summit in Singapore. https://t.co/2SKhjAnI5Q,2018-06-09 15:48:40+00:00,0.0,0.0,0.0,1.0,482
482,FoxNews,U.S. Markets - So far this year. https://t.co/mdnZRFcvfH,2018-06-09 15:22:55+00:00,0.0,0.0,0.0,1.0,483
483,FoxNews,"President @realDonaldTrump to CNN reporter: ""I would say that the level of relationship is a 10... You can tell tha‚Ä¶ https://t.co/5CwLITcrnU",2018-06-09 15:15:56+00:00,0.0,0.0,0.0,1.0,484
484,FoxNews,".@POTUS: ""Tariffs are going to come way down... We're like the piggy bank that everybody's robbing - and that ends."" https://t.co/1K8iuxEXhn",2018-06-09 15:15:00+00:00,0.3612,0.116,0.0,0.884,485
485,FoxNews,"Britain's Queen Elizabeth, Prince Charles, Meghan Duchess of Sussex, Prince Harry, Kate Duchess of Cambridge and Pr‚Ä¶ https://t.co/0mhnqpiGZU",2018-06-09 15:13:01+00:00,0.0,0.0,0.0,1.0,486
486,FoxNews,"State-level Dems funneled $84M to @HillaryClinton's campaign, lawsuit alleges https://t.co/2Xk78xsQmh",2018-06-09 15:12:39+00:00,-0.2023,0.1,0.173,0.727,487
487,FoxNews,".@POTUS: ""Obama can say all he wants but he allowed Russia to take Crimea. I may have had a much different attitude‚Ä¶ https://t.co/bPQobyLCe2",2018-06-09 15:09:24+00:00,0.0,0.0,0.0,1.0,488
488,FoxNews,"Reporter: ""Do you think Crimea should be recognized as Russia at this point?""

.@POTUS: ""You'd have to ask Presiden‚Ä¶ https://t.co/9xKcvpB7aN",2018-06-09 14:59:00+00:00,0.0,0.0,0.0,1.0,489
489,FoxNews,".@POTUS: ""The U.S. press is very dishonest, much of it, not all of it."" https://t.co/PcH5oRFB7t",2018-06-09 14:49:00+00:00,-0.6115,0.0,0.222,0.778,490
490,FoxNews,".@SecretaryZinke: ""We could end the war. It's absolutely astonishing what @POTUS has done."" #Cavuto https://t.co/AFT3qMvIv2",2018-06-09 14:45:00+00:00,-0.5994,0.0,0.218,0.782,491
491,FoxNews,"President @realDonaldTrump: ""Who are you with out of curiosity?""

Reporter: ""@CNN.""

@POTUS: ""I figured - Fake News‚Ä¶ https://t.co/vukANIrfKZ",2018-06-09 14:39:23+00:00,-0.4767,0.0,0.162,0.838,492
492,FoxNews,"""The United States has been taken advantage of for decades and decades and we can't do that anymore.""

WATCH: Presi‚Ä¶ https://t.co/s9kfwDEDut",2018-06-09 14:37:00+00:00,0.5859,0.202,0.0,0.798,493
493,FoxNews,".@POTUS: ""I would say that the level of relationship is a 10."" https://t.co/nmFjMumzHb",2018-06-09 14:32:20+00:00,0.0,0.0,0.0,1.0,494
494,FoxNews,".@POTUS: ""Obama can say all he wants but he allowed Russia to take Crimea. I may have had a much different attitude‚Ä¶ https://t.co/766koswatX",2018-06-09 14:29:58+00:00,0.0,0.0,0.0,1.0,495
495,FoxNews,"Reporter: ""Do you think Crimea should be recognized as Russia at this point?""

.@POTUS: ""You'd have to ask Presiden‚Ä¶ https://t.co/E8bATkXuhJ",2018-06-09 14:29:13+00:00,0.0,0.0,0.0,1.0,496
496,FoxNews,".@POTUS: ""I have not spoken to Vladimir Putin for quite a while... I think it would be an asset to have Russia back‚Ä¶ https://t.co/XdWxOmv8VG",2018-06-09 14:24:45+00:00,0.3612,0.106,0.0,0.894,497
497,FoxNews,".@POTUS: ""Tariffs are going to come way down... We're like the piggy bank that everybody's robbing - and that ends."" https://t.co/Omn9n08nQS",2018-06-09 14:23:31+00:00,0.3612,0.116,0.0,0.884,498
498,FoxNews,".@POTUS: ""That's the way it should be - no tariffs, no barriers... and no subsidies."" https://t.co/OKEcN9rgOd",2018-06-09 14:21:45+00:00,-0.6808,0.0,0.355,0.645,499
499,FoxNews,".@POTUS on Kim Jong Un talks: ""It's a one-time shot and I think it's going to work out very well."" https://t.co/RGB4ilSY9I",2018-06-09 14:20:19+00:00,0.0,0.0,0.0,1.0,500
